-- phpMyAdmin SQL Dump
-- version 4.8.3
-- https://www.phpmyadmin.net/
--
-- Host: 127.0.0.1:3306
-- Generation Time: Sep 17, 2020 at 10:19 AM
-- Server version: 5.7.23
-- PHP Version: 7.2.10

SET SQL_MODE = "NO_AUTO_VALUE_ON_ZERO";
SET AUTOCOMMIT = 0;
START TRANSACTION;
SET time_zone = "+00:00";


/*!40101 SET @OLD_CHARACTER_SET_CLIENT=@@CHARACTER_SET_CLIENT */;
/*!40101 SET @OLD_CHARACTER_SET_RESULTS=@@CHARACTER_SET_RESULTS */;
/*!40101 SET @OLD_COLLATION_CONNECTION=@@COLLATION_CONNECTION */;
/*!40101 SET NAMES utf8mb4 */;

--
-- Database: `accounts`
--

-- --------------------------------------------------------

--
-- Table structure for table `accounts`
--

DROP TABLE IF EXISTS `accounts`;
CREATE TABLE IF NOT EXISTS `accounts` (
  `account_id` bigint(20) NOT NULL AUTO_INCREMENT,
  `account_number` varchar(200) NOT NULL,
  `account_title` varchar(200) NOT NULL,
  `account_type` varchar(200) NOT NULL,
  `memo` varchar(600) NOT NULL,
  `company_id` bigint(20) NOT NULL,
  `cnic` varchar(200) DEFAULT NULL,
  `contact` varchar(200) DEFAULT NULL,
  `address` text NOT NULL,
  PRIMARY KEY (`account_id`)
) ENGINE=MyISAM AUTO_INCREMENT=281 DEFAULT CHARSET=latin1;

--
-- Dumping data for table `accounts`
--

INSERT INTO `accounts` (`account_id`, `account_number`, `account_title`, `account_type`, `memo`, `company_id`, `cnic`, `contact`, `address`) VALUES
(167, 'm ', 'M/s Hudaibia papers mart ', 'Expense', 'Bux board purchased matters ', 7, NULL, '0', ''),
(166, 'm ', 'M/s Bao Bashir Bux Board ', 'Expense', 'Hard bux baord purchased billing matters ', 7, NULL, '0', ''),
(165, 'p', 'Paper & Box Board ', 'Expense', 'paper purchased matters', 7, NULL, '0', ''),
(164, 'b ', 'Binder - Faisal Shafiq ', 'Expense', 'binding matters ', 7, NULL, '0', ''),
(163, 'b ', 'Binding Charges ', 'Expense', 'Binding matters ', 7, NULL, '0', ''),
(162, 'b ', 'Binder - New Ijaz', 'Expense', 'Binding bills voucher', 7, NULL, '0', ''),
(160, 'a', 'Veh # LRR - 9684', 'Expense', 'Mileage expenses', 7, NULL, '0', ''),
(159, 'e ', 'Emp AC Tanveer Khalid', 'Expense', '35202-452145-3, Rahwali catt ,0335-4433957', 7, NULL, '0', ''),
(158, 'd', 'Discounts Kiran 2019', 'Expense', 'Discount on bonuses and others ', 7, NULL, '0', ''),
(157, 'b ', 'Binder Shahid Old', 'Expense', 'Binding books', 7, NULL, '0', ''),
(156, 'U', 'Utility Electricity 06 11142 0615201 U Godown', 'Expense', 'Electricity bills payment', 7, NULL, '0', ''),
(155, 'a', 'Emp ML M Asim khan', 'Expense', 'Marketing department', 7, NULL, '0', ''),
(154, 'a', 'Adjustment Exp', 'Expense', 'Adjustment amount', 7, NULL, '0', ''),
(153, 'e ', 'Emp Mo Naveed Iqbal Sahiwal ', 'Expense', 'Marketing employee', 7, NULL, '0', ''),
(152, 's', 'Sales Return', 'Expense', 'sales return to schools, parties ', 7, NULL, '0', ''),
(151, 'a', 'Advertisement Exp', 'Expense', 'advertisement expences', 7, NULL, '0', ''),
(150, 's', 'Emp SG Muhammad Khalil ', 'Expense', 'security', 7, NULL, '0', ''),
(149, 's', 'Emp M khalil SG', 'Expense', 'securtity', 7, NULL, '0', ''),
(148, 'b ', 'Bank UBL 52529 K P', 'Expense', 'banking transactions', 7, NULL, '0', ''),
(147, 'b ', 'Binder Ali Akbar ', 'Expense', 'Binding books ', 7, NULL, '0', ''),
(146, 'e ', 'Emp ML M Afzal ', 'Expense', 'Marketing Officer ', 7, NULL, '0', ''),
(145, 's', 'Special Incentives ', 'Expense', 'Special incentives ', 7, NULL, '0', ''),
(144, 'b ', 'Binder Mairaj Deen ', 'Expense', 'binding books & others ', 7, NULL, '0', ''),
(143, 'U', 'Utility Electricity ', 'Expense', 'Electricity billing ', 7, NULL, '0', ''),
(142, 'U', 'Utility PTCL # 042 37151652', 'Expense', 'PTCL land line billing ', 7, NULL, '0', ''),
(141, 'w', 'Watch Man', 'Expense', 'Security ', 7, NULL, '0', ''),
(140, 'b ', 'Binder Lahore book binder - Shahid Mela Raam ', 'Expense', 'binding books work', 7, NULL, '0', ''),
(139, 'R', 'Research & Development Exp ', 'Expense', 'R & D work', 7, NULL, '0', ''),
(138, 'U', 'Employees U Fone Numbers', 'Expense', 'U fone ', 7, NULL, '0', ''),
(137, 'e ', 'Emp R&D Madam Sehar Naveed Butt ', 'Expense', 'R & D Deptt', 7, NULL, '0', ''),
(136, 'e ', 'Emp PIES Akhtar Ali ', 'Expense', 'PIES department', 7, NULL, '0', ''),
(135, 'e ', 'Entertainment', 'Expense', 'All kind of refreshment', 7, NULL, '0', ''),
(134, 'e ', 'Emp IT M Waqas ', 'Expense', 'I T works', 7, NULL, '0', ''),
(133, 'e ', 'Emp SG M Akram ', 'Expense', 'Security guard', 7, NULL, '0', ''),
(132, 's', 'Sajjad Building Contractor 2019', 'Expense', 'Building contractor', 7, NULL, '0', ''),
(131, 'Sajjad Building Contractor 2019', 's', 'Expense', 'building contractor ', 7, NULL, '0', ''),
(130, 'Binder Shahid old', 'b', 'Expense', '', 7, NULL, '0', ''),
(129, 'Binder Lahore book binder - Shahid Mela Raam ', 'b', 'Expense', '', 7, NULL, '0', ''),
(128, 'Muhammad Afzal ', 'm', 'Expense', '', 7, NULL, '0', ''),
(127, 'Rehmat khan S/o Hazrat khan (Helpar)', 'r', 'Expense', '', 8, NULL, '0', ''),
(126, 'Electricity # 11144 0144700U', 'e', 'Expense', '', 7, NULL, '0', ''),
(125, 'Chief Executive Account ', 'c ', 'Expense', '', 7, NULL, '0', ''),
(124, '4 ', 'Asia khushi', 'Expense', 'Tele Marketing Department', 7, NULL, '0', ''),
(123, '3 ', 'Copy and Register ', 'Revenue', 'Cash rcvd against sales of copy/register', 7, NULL, '0', ''),
(122, '2 ', 'Receipt kiran ', 'Revenue', 'All cash receipt', 7, NULL, '0', ''),
(161, 'e ', 'Emp PD Tahir Waheed Butt ', 'Expense', 'Employee', 7, NULL, '0', ''),
(120, '3.1', 'Online Sundry', 'Revenue', 'All Online Received from Banks Accounts', 7, NULL, '0', ''),
(119, '2.10', 'Car Parking', 'Expense', 'Car Parking Expense', 7, NULL, '0', ''),
(118, '2.8', 'Kiran Expense', 'Expense', 'All Expense Approve By C/E', 7, NULL, '0', ''),
(117, '2.6', 'Charity & Donation', 'Expense', 'All Charity and Donation and Zakat Etc.', 7, NULL, '0', ''),
(116, '2.4', 'Carriage & Freight', 'Expense', 'All about Carriage ', 7, NULL, '0', ''),
(115, '2.3', 'Directors Drawings', 'Expense', 'All about Chief Executive', 7, NULL, '0', ''),
(114, '1', 'Cashier', 'Asset', 'All Cash Dealings', 8, NULL, '0', ''),
(113, '2.1', 'Vehicle LRR - 9684', 'Expense', 'Repairing and Maintainance of Office Bike', 8, NULL, '0', ''),
(112, '2.2', 'Employee Ufone', 'Expense', 'Ufone Offical Number Balance ', 7, NULL, '0', ''),
(111, '2.2', 'Zong Business SMS Service', 'Expense', 'SMS Activation ', 7, NULL, '0', ''),
(110, '2.1', 'Treveling Expense', 'Expense', 'All Conveynce ', 7, NULL, '0', ''),
(109, '2', 'Tracing & Pasting', 'Expense', 'Tracing and pasting of Books', 7, NULL, '0', ''),
(108, '1.1', 'Cash Receipt', 'Asset', 'Cash Received ', 7, NULL, '0', ''),
(107, '1', 'Cashier', 'Asset', 'Cash', 7, NULL, '0', ''),
(168, '21223', 'dfwer', 'Asset', 'dfsdf', 7, '5345345', '4345', 'sdferfwefewrf'),
(169, '1.2222', 'kokokok', 'Liability', 'llllllll', 7, '1212132', '232232332', 'ewfwef'),
(170, '6.001', 'Cashier', 'Revenue', 'Cash transactions ', 7, '0', '0', 'Kiran publiactions , Sultani Mohallah < urdu Bazar , Lahore'),
(171, '1.001', 'Advance Employees ', 'Expense', 'Employees Advance from salary ', 7, '0', '0', 'Kiran publications'),
(172, '2.001', 'Bad Debts ', 'Expense', 'Cash dealing, pending, receiving matters', 7, '0', '0', 'Kiran publications '),
(173, '3.001', 'Bank Charges ', 'Expense', 'Bank deposit,withdrawal matters  ', 7, '0', '0', 'kiran publications, Lahore'),
(174, '4.001', 'Binding Charges ', 'Expense', 'All Books binding matters ', 7, '0', '0', 'Kiran publications, Lahore'),
(175, '5.001', 'Carriage & Freight', 'Expense', 'All carriage matters ', 7, '0', '0', 'Kiran publications lahore'),
(176, '7.001', 'Chief Executive Others', 'Expense', 'Chief Executive personal transactions matters ', 7, '0', '0', 'Kiran publications Lahore'),
(177, '8.001', 'Chief Executive Personal ', 'Expense', 'Company related account matters ', 7, '0', '0', 'kiran publications Lahore'),
(178, '9.001', 'Charity & Donation', 'Expense', 'Company,s charity and donations to others ', 7, '0', '0', 'kiran publications lahore'),
(179, '10.001', 'Cheque ', 'Expense', 'Cheque deposit , withdrawal matters ', 7, '0', '0', 'kiran Publications lahore'),
(180, '11.001', 'Creez Expenses ', 'Expense', 'Book, Guide, Model paper binding creez ', 7, '0', '0', 'Kiran publications Lahore'),
(181, '12.001 ', 'Employees', 'Expense', 'Company,s staff matters', 7, '0', '0', 'kiran publications Lahore'),
(182, '13.001', 'Entertainment ', 'Expense', 'Comapany,s guests, different Book depots & Others refreshment ', 7, '0', '0', 'kiran publications Lahore'),
(183, '14.001', 'Fuel & Conveyance Exp', 'Expense', 'Comapny,s staff official visit and others', 7, '0', '0', 'Kiran publications lahore'),
(184, '15.001', 'Generator Expenses ', 'Expense', 'Company,s generator fuel and maintenance matters ', 7, '0', '0', 'kiran Publications Lahore'),
(185, '16.001', 'General Productions Expenses', 'Expense', 'Company,s normal expenses ', 7, '0', '0', 'kiran Publications Lahore'),
(186, '17.001', 'Gift Items ', 'Expense', 'Company purchased gifts for customers in season ', 7, '0', '0', 'kiran Publications Lahore'),
(187, '18.001', 'IT Expenses', 'Expense', 'All matters regarding information technology ', 7, '0', '0', 'kiran Publications Lahore'),
(188, '19.001', 'Kiran Expenses ', 'Expense', 'Company,s matters regarding different departments ', 7, '0', '0', 'kiran Publications Lahore'),
(189, '20.001', 'Lamination Expenses ', 'Expense', 'Books , MP , Guides lamination matters and others ', 7, '0', '0', 'kiran Publications Lahore'),
(190, '21.001', 'Legal Expenses', 'Expense', 'Company,s legal matters ', 7, '0', '0', 'kiran Publications Lahore'),
(191, '22.001 ', 'LG Press Expenses', 'Expense', 'Company,s different expenses regarding departments ', 7, '0', '0', 'kiran Publications Lahore'),
(192, '23.001', 'Marketing Expenses', 'Expense', 'Company marketing matters related to Marketing staff', 7, '0', '0', 'Cash Receipt Vouchers'),
(193, '24.001', 'Miscellaneous Expenses', 'Expense', 'Company,s extra expense matters ', 7, '0', '0', 'Cash Receipt Vouchers'),
(194, '25.001', 'On line Sundry Account Expenses', 'Revenue', 'Online cash transactions in the banks from book shops against purchase orders ', 7, '0', '0', 'Cash Receipt Vouchers'),
(195, '26.001', 'Paper & Bux Board ', 'Expense', 'Company,s purchased paper,art paper or bux board from different parties ', 7, '0', '0', 'Cash Receipt Vouchers'),
(196, '27.001', 'Paper & Mills Expenses', 'Expense', 'Company purchased papers & others ', 7, '0', '0', 'Cash Receipt Vouchers'),
(197, '28.001', 'Paper Suppliers Account ', 'Expense', 'Company purchased papers', 7, '0', '0', 'Cash Receipt Vouchers'),
(198, '29.001', 'Parties Account ', 'Expense', 'Company,s parties dealing like ink,eva emulsion, and glue plates etc ', 7, '0', '0', 'Cash Receipt Vouchers'),
(199, '30.001', 'PIES Account', 'Expense', 'Company,s matters regarding PIES expenses', 7, '0', '0', 'Kiran Publications Lahore'),
(200, '31.001', 'Postage & Courier Expenses', 'Expense', 'Company,s expenses regarding bilties,postage and courier parcels of schools and book shops', 7, '0', '0', 'Kiran Publications Lahore'),
(201, '32.001', 'Printing & Stationery Expenses', 'Expense', 'Company,s stationery & photocopies charges ', 7, '0', '0', 'Kiran Publications Lahore'),
(202, '34.001', 'Property Tax Expenses', 'Expense', 'Company,s official property tax matters ', 7, '0', '0', 'Kiran Publications Lahore'),
(203, '35.001', 'salary & Wages Account ', 'Expense', 'Company,s staff salaries & advance matters ', 7, '0', '0', 'Kiran Publications Lahore'),
(204, '36.001', 'Sale Account ', 'Expense', 'Comapany,s sales of books,MP and guides, copies etc ', 7, '0', '0', 'Kiran Publications Lahore'),
(205, '37.001', 'Special Expenses', 'Expense', 'Company,s expenses like PIES season and others ', 7, '0', '0', 'Kiran Publications Lahore'),
(206, '38.001', 'Tracing & Pasting Expenses', 'Expense', 'Company,s books, MP tracing & pasting charges ', 7, '0', '0', 'Kiran Publications Lahore'),
(207, '39.001', 'Utility Electricity Expenses', 'Expense', 'Company,s Monthly billing ', 7, '0', '0', 'Kiran Publications Lahore'),
(208, '40.001', 'Utility SNGPL Expenses', 'Expense', 'Company,s monthly Billing ', 7, '0', '0', 'Kiran Publications Lahore'),
(209, '41.001', 'Utility Mobiles Expenses', 'Expense', 'Company,s staff U fone billing ', 7, '0', '0', 'Kiran Publications Lahore'),
(210, '42.001', ' Utility Telephone ', 'Expense', 'Company,s PTCL land line billing ', 7, '0', '0', 'Kiran Publications Lahore'),
(211, '43.001', 'Vpp Expenses', 'Expense', 'Company matters regarding Vpp expenses', 7, '0', '0', 'Kiran Publications Lahore'),
(212, '12.002', 'Ahmad Faraz Khan S/o Rasheed Ahmad Khan ', 'Expense', 'Manager', 7, '3230438873901', '03336860326', 'Mohallah Hayat Nagar House No BVIII 244 Muzaffar Garh '),
(213, '12.003', 'Javed Iqbal S/o Agha Shams uddin', 'Expense', 'Admin', 7, '9040301409609', '03354433960 03454120209', 'H#6-B, St# 30,-A Shah Farid Abad Near Makki Masjid, Scheme Mor Multan Road , Lahore'),
(214, '12.004 ', 'Muhammad Naeem S/o Maqsood Baig ', 'Expense', 'Store Keeper (Godown)', 7, '3520230146583', '03218837982', 'Lahore'),
(215, '12.005', 'Tanveer Rafiq S/o M Rafiq ', 'Expense', 'Store Keeper (LG Press)', 7, '3520229167623', '0321', 'Lahore'),
(216, '12.006 ', 'Mrs Azra Qaisar W/O Nazeer Ahmad Jaffery ', 'Expense', 'Receptionist ', 7, '3520281329642', '0321', 'Lahore'),
(217, '12.007', 'Shamsheer Khan S/o Haleem Khan', 'Expense', 'Security Guard ', 7, '1420301336857', '03346670895', 'KPK, Karak'),
(218, '12.008 ', 'Muhammad Khalil S/o Haji Muhammad Sharif ', 'Expense', 'Security Guard ', 7, '3830387287175', '03064023034', 'Gujrat '),
(219, '12.009', 'Muhammad Akram S/o M Sardar ', 'Expense', 'Security Guard ', 7, '3450287751669', '04237240322', 'Permanent Address : Jabaal Dakhana khaas Tehsil Shakkar Garh Distt Narowal \r\nPresent Address : Millat Tractors Factory Kashmiri Mohalla Lahore '),
(220, '12.010', 'Iqbal Hussain S/o M Hayat ', 'Expense', 'Office boy/Attendant ', 7, '3440217159755', '03224321147', 'Walton road Lahore cantt'),
(221, '12.011', 'Bashir Masih S/o Allah Ditta ', 'Expense', 'Sweeper ', 7, '3520252714699', '04237240322', 'Chota Sanda , Lahore '),
(222, '12.012', 'Inayat Masih S/o Siddique Masih ', 'Expense', 'Sweeper', 7, '3520295336575', '04237240322', 'Chota Sanda Lahore '),
(223, '12.013', 'Zeeshan Masih S/o Inayat Masih', 'Expense', 'Sweeper ', 7, 'Not Applied Yet', '04237240322', 'Chota Sanda Lahore'),
(224, '12.014', 'Muhammad Faraz Waheed S/o Muhammad Waheed', 'Expense', 'Accounts Executive ', 7, '3520249469461', '03214069071', 'H#45/A, St#3 Jinah Park,Shahdara, Lahore '),
(225, '12.015', 'Tanveer Khalid S/o Khalid Hussain ', 'Expense', 'Accounts officer', 7, '3530111596265', '03346976493 03040547653', 'Mohallah Ayub Nagar Gali Chah Pani watian wali nazd green city hujra road haweli lakha okara '),
(226, '12.016', 'Riaz Ahmad S/o Sultan Ahmad ', 'Expense', 'Head cashier', 7, '3520294783677', '03324633635 03334707197', 'H#40 St#155 Bhati Park Ichra Lahore'),
(227, '12.017', 'Saher Naveed butt D/o Naveed Alam Butt', 'Expense', 'R & D Manager ', 7, '0', '03328408670', 'Lahore'),
(228, '12.018', 'Ghazzala Qamar Khan D/O M Razzaq Khan ', 'Expense', 'Writer ', 7, '0', '0\r\n', 'M Razzaq khan St#5 Inayat Bagh Opposite Shalimar Garden Lahore'),
(229, '12.019 ', 'Tehmina Sarfraz D/o Sarfraz Ali ', 'Expense', 'Writer ', 7, '0', '0', 'H#1218 kucha Chabak sawarran Rang Mehal lahore '),
(230, '12.020', 'Maimoona Qandeel D/O Nazeer Ahmad ', 'Expense', 'Writer ', 7, '3520208885930', '03104511982 03211450466', 'Khema Gaah Chowk bashir German Street Imamia colony Shahdara lahore '),
(231, '12.021', 'Shumaila Sajid D/o M Hanif Sajid ', 'Expense', 'Writer ', 7, '3520288234692', '03060422059', 'Present Address : H# A-31 St#6 Mohallah Ghousia Street Malik Park Shahdara Lahore \r\nPermanent Address : H#101-B Mohallah Shaheen Valley Phase 3 Rachna Town Ferozwala Distt Sheikhupura '),
(232, '12.021', 'Shumaila Sajid D/o M Hanif Sajid ', 'Expense', 'Writer ', 7, '3520262893109', '03060422059', 'Lahore'),
(233, '12.022', 'Muhammad Yaqoob S/o Sher Muhammad ', 'Expense', 'Proof Reader', 7, '3520156176205', '03024305935 03008191623', 'H#73 A St#171-S Al Qader Housing Scheme Behind Shalimar Bagh Lahore'),
(234, '12.023', 'Mudassir Khanum D/o M Akram ', 'Expense', 'Writer ', 7, '0', '03244183713 03454059853', '84/A Karam Elahi park New national town Lahore '),
(235, '12.024', 'Ahmad Ali S/o Chiragh Din ', 'Expense', 'Composer ', 7, '3520175464513', '03334654570 03234404192', '76 MET 1 Mughal Pura Lahore '),
(236, '12.025', 'Muhammad Azeem Ayub ', 'Expense', 'Composer ', 7, '3520237383097', '03154183601 03344183601', 'H#18 St#19 dev Smaaj Road raaam nagar Sanat Nagar Lahore '),
(237, '12.026', 'Adnan Ali S/o M Mushtaq', 'Expense', 'Marketing Manager ', 7, '3610213420405', '0334139056 03427945756 ', 'Noori Street Mohala Farooq e Azam Abdul Hakim Distt Khanewal '),
(238, '12.027', 'Muhammad Asim Khan S/o Muhammad Kalim Khan', 'Expense', 'Marketing Manager ', 7, '33303-8472665-7', '03004452254 04235851885', 'H#3 S#9 Kashmiri Mohalla, Pindi Rajpootan, KotLakhpat Lahore'),
(239, '12.028', 'Aamir Shafiq S/o Shafiq Ahmad ', 'Expense', 'Marketing Manager ', 7, '3520234464475', '03224444465 ', 'H#201 Block G 5 Wapda town Lahore '),
(240, '12.029', 'Muhammad Afzal ', 'Expense', 'Marketing Manager', 7, '3520244490933', '03214149129 03064232386', 'H#5 St#10 B-A Al Faisal Town Sadar Lahore '),
(241, '12.030', 'Najeebullah S/o Atta Muhammad ', 'Expense', 'Marketing Manager ', 7, '3520216361211', '03334276698', '482 Nizam Block Allam iqbal town Lahore'),
(242, '12.031', 'Asia khushi D/o Khushi Muhammad ', 'Expense', 'Tele Marketing Assistant Manager', 7, '3520214035850', '03204117020', 'H#112 Main bazar Raj Garh Lahore'),
(243, '12.032', 'Rubab Rauf D/o Abdul Rauf ', 'Expense', 'Tele Marketing ', 7, '3520209506924', '03238856288 03074919630', 'H#108 St#3 Mohallah Ahata Ditto Shah Australia Chowk Railway Station Lahore'),
(244, '12.033', 'Samreen Zahra D/o M Sohail ', 'Expense', 'Tele Marketing ', 7, '3520284782660', '0', 'H# D 886 Androon Lohari Gate Gumti bazar Peshawarian street lahore  '),
(245, '12.034', 'Kausar Amir D/o Amir Iqbal ', 'Expense', 'Tele Marketing ', 7, '3520281397468', '03234138995 03454775807', 'H#C/356 Mohala Kocha Baily Ram Mohallah Gumti bazar Inside lohari gate Lahore'),
(246, '12.035', 'Areeba Javed D/o M Javed Butt', 'Expense', 'Tele Marketing operator ', 7, '3520156650552', '003134120376', 'H#5 St#28 Mohallah Baghbanpura Lahore Distt lahore'),
(247, '12.036', 'Rimsha Hameed D/o Abdul Hameed', 'Expense', 'Tele Marketing ', 7, '03520136716928', '003212169886', 'H#11 St#3 Mohallah Rasool pura Baghbanpura lahore '),
(248, '12.037', 'Aneela Mansha D/o M Mansha ', 'Expense', 'Tele Marketing ', 7, '3520208464216', '03084513200 03234901840', 'Present Address: H#72, St#1 Muhallah Qabrastan Railway line badami bagh Lahore\r\nPermanent Address : Goharpur Sani post office traiday wali Teh Sharaqpur Distt Sheikhupura '),
(249, '12.038', 'Rabia Ramzan D/o M Ramzan ', 'Expense', 'Tele Marketing ', 7, '3520160646110', '03034311968 03094317011', 'Present Address: H#5 St#28 mohallah Baghbanpura LHR Cantt Distt Lahore\r\nPermanent Address : H#610 Mohallah ward 15 Kachi abadi Faisalabad Tehsil / Distt Faisalabad'),
(250, '12.039', 'Ayesha Khalid D/o Khalid javed ', 'Expense', 'Tele Marketing ', 7, '3520230612888', '03217565657', 'H#39 NWIII/15 Mohallah Al Munawae=r Shadi Hall Ravi Road Lahore '),
(251, '12.040', 'Sobia Tabassum D/o M Yasir ', 'Expense', 'Tele Marketing ', 7, '3520128610496', '03244589808 03068428368', 'H#220-C St#10 BMohalla Schem #1 Mustafa Abad Dharam pura Lahore Cantt Distt lahore '),
(252, '12.041', 'Sahabia Zahoor D/o Mirza Azhar Baig ', 'Expense', 'Tele Marketing ', 7, '3520239822308', '03097180504', 'Charagh Manzil Koocha Husain Shah H#675H Mohallah Androon Dehli gate lahore '),
(253, '12.042', 'Adnan Ali S/o Faiz Ahmad ', 'Expense', 'Assistant Manager NSP Cashier', 7, '3520270094981', '03214944322 03224681667', 'H#10 St#2 Ahata Malik M Din G T Road Faiz Bagh lahore'),
(254, '12.043', 'Fahad Mehmood S/o Zahid Mehmood ', 'Expense', 'Assistant Venus ', 7, '3520280450633', '03224982218\r\n', 'H#1 St#2 Amin Park Ravi Road Lahore '),
(255, '12.044', 'Ali Fraz S/o Muhammad Maqbool ', 'Expense', 'Assistant PIES manager ', 7, '3640249472617', '03074223613 03067251799', 'H#11 Farooq Street Chohan Road Bund raod lahore'),
(256, '12.045', 'Akhtar Ali S/o Faiz Ahmad ', 'Expense', 'Postal Mail Officer ', 7, '3520227262795', '03354433915', 'H#46-C St#3 Model colony Gulberg III Lahore '),
(257, '12.046', 'Muhammad Waqas S/o Said Ul Malook', 'Expense', 'I T In charge ', 7, '3520144201353', '03224309894 09454235390', 'H#5 St#1 Gulshan Haidar Scheme warra Satar LHR Cantt'),
(258, '12.047', 'Tahir waheed Butt S/o Abdul waheed Butt', 'Expense', 'Production Manager ', 7, '3540117989963', '03352626906 03214678686', 'Present Address: H#69/A Mehmood Colony Near Imamia colony Shahrah e Najaf Shahdara Lahore \r\nPermanent Address : H#69/A Mohallah Mehmood colony Ferozwala Distt Sheikhupura '),
(259, '44.001', 'R & D Expenses', 'Expense', 'Research and development expences', 7, '0', '04237240322', 'Kiran Publications Lahore'),
(261, '29.002', 'M/s Al Qadir Quran Company', 'Expense', 'Deals in Bleach cards', 7, 'N/A', '0323-4439517 0322-4743987', 'Shop#1/4, Mian Markeet Basement Ghazni Street 38 Urdu bazar Lahore '),
(262, '33.001', 'Printing Charges ', 'Expense', 'Plates and other printing charges ', 7, '0', '0', 'Kiran publications lahore'),
(263, '45.001', 'Adjustment Account', 'Expense', 'Adjusted vouchers ', 7, '0', '0', 'Kiran Publications Lahore'),
(264, '46.001', 'Printers Press Account', 'Expense', 'Printing press companies ', 7, '0', '0', 'Kiran publications Lahore '),
(265, '47.001', 'Book Binders Account ', 'Expense', 'Book binders companies account ', 7, '0', '0', 'Kiran Publications Lahore '),
(266, '46.002', 'Printers Shahzad Printing Press', 'Expense', 'All kinds of printing ', 7, '0', '0321-4206607  0317-0416607', 'Shop#15, Ground Floor Punjab plaza ,Fish Market opp jalaldin hospital Urdu bazar Lahore '),
(267, '29.003', 'Mr Muhammad Saleem GPO ', 'Revenue', 'GPO Post man ', 7, '0', '0', 'General Post office Lahore '),
(268, '48.001', 'Packing Material Account', 'Expense', 'Packing material like, red ceiling VAX,thread cones,etc ', 7, '0', '0', 'Kiran Publications Lahore'),
(269, '49.001', 'Repair & Maintenance Account', 'Expense', 'Company,s repairing vouchers', 7, '0', '0', 'Kiran publications Lahore'),
(270, '50.001', 'Employees Old Age Benefit Expenses (EOBI)', 'Expense', 'Employees EOBI monthly contributions ', 7, '0', '0', 'Kiran publications Lahore'),
(271, '51.001', 'Labor Charges', 'Expense', 'loading, unloading and others expenses regarding labor  ', 7, '0', '0', 'Kiran Publications Lahore '),
(272, '47.002', 'Binder Asif (Ashfaq)', 'Expense', 'Binding bills of different articles ', 7, '0', '0', 'Bobi plaza, Bund road lahore'),
(273, '29.004', 'M/s Iqbal Traders (Mr Iqbal)', 'Expense', 'Deals in Every day milk, Yellow label tea bags, soap, Retailer ', 7, '0', '042-37635099 37632827, 0333-4793477, 0324-9609064', 'Androon mochi gate, Lahore'),
(274, '29.005', 'M/s Decent Graphics & printers ', 'Expense', 'Deals in positive bills ', 7, '0', '0', 'Lahore'),
(275, '29.006', 'M/S Illyas Scrap Dealer ', 'Expense', 'Deals in scrap raddi, beaten ink buckets etc', 7, '0', '0', 'Lahore'),
(276, '29.007', 'M/s Scrap Sales ', 'Expense', 'Scrap bills & others ', 7, '0', '0', 'lahore'),
(277, '3.002', 'Bank Al Habib PIES # 3001', 'Expense', 'Cheques withdrawl, deposit and online transactions dealing ', 7, '0', '0', 'Urdu Bazar Lahore'),
(278, '10.002', 'Cheques & Online Unclaim Account', 'Revenue', 'Rcvd unclaimed onlines and cheques of parties ', 7, '0', '0', 'Lahore'),
(279, '29.008', 'M/s Rana Abdul Ghafoor (Pies Envelope Maker)', 'Expense', 'Deals in production of Envelopes ', 7, '0', '0', 'Lahore'),
(280, '29.009', 'M/s Prince International trading Co (Ayyaz paper)', 'Expense', 'Deeals in papers of different gram mage ', 7, '0', '0', 'Lahore');

-- --------------------------------------------------------

--
-- Table structure for table `companies`
--

DROP TABLE IF EXISTS `companies`;
CREATE TABLE IF NOT EXISTS `companies` (
  `company_id` bigint(20) NOT NULL AUTO_INCREMENT,
  `company_manual_id` varchar(100) NOT NULL,
  `company_name` varchar(100) NOT NULL,
  `business_type` varchar(100) NOT NULL,
  `address1` varchar(200) NOT NULL,
  `address2` varchar(200) NOT NULL,
  `city` varchar(100) NOT NULL,
  `state` varchar(100) NOT NULL,
  `country` varchar(100) NOT NULL,
  `zip_code` varchar(100) NOT NULL,
  `phone` varchar(200) NOT NULL,
  `email` varchar(200) NOT NULL,
  `company_logo` varchar(500) NOT NULL,
  `description` varchar(600) NOT NULL,
  `user_id` varchar(100) NOT NULL,
  `currency_symbol` varchar(100) NOT NULL,
  PRIMARY KEY (`company_id`)
) ENGINE=MyISAM AUTO_INCREMENT=12 DEFAULT CHARSET=latin1;

--
-- Dumping data for table `companies`
--

INSERT INTO `companies` (`company_id`, `company_manual_id`, `company_name`, `business_type`, `address1`, `address2`, `city`, `state`, `country`, `zip_code`, `phone`, `email`, `company_logo`, `description`, `user_id`, `currency_symbol`) VALUES
(11, '123', 'sd', 'software company', 'sd', 'dfv', 'ds', 'sdf', 'dsf', '000', '03354433957', 'waqas_said@yahoo.com', '', 'dsc', '1', '$'),
(9, '26', 'hydra', 'sa', 's', 's', 's', 's', 's', '54000', '03354433957', 'nomangul934@gmail.com', '', 'sxc', '1', 'dfd'),
(10, '26', 'hydra', 'sa', 's', 's', 's', 's', 's', '54000', '03354433957', 'nomangul934@gmail.com', '', 'sxc', '1', 'dfd'),
(8, '2', 'Life Guard Printers', 'Producion & Publishing', 'Animal and Science Vatrinaty University Tape Road Lahore', 'Animal and Science Vatrinaty University Tape Road Lahore', 'Lahore', 'punjab', 'Pakistan', '54000', '03354433957', 'nomangul934@gmail.com', '', '41', '1', '454'),
(7, '1', 'Kiran Publications', 'Publishing', 'Sultani Muhallah Kabeer Street Urdu Bazar Lahore', 'Sultani Muhallah Kabeer Street Urdu Bazar Lahore', 'Lahore', 'Punjab', 'Pakistan ', '54000', '03354433957', 'tanveerkhalidranjha990@gmail.com', '', 'RS', '1', 'Rs');

-- --------------------------------------------------------

--
-- Table structure for table `company_access`
--

DROP TABLE IF EXISTS `company_access`;
CREATE TABLE IF NOT EXISTS `company_access` (
  `access_id` bigint(20) NOT NULL AUTO_INCREMENT,
  `user_id` bigint(20) NOT NULL,
  `company_id` bigint(20) NOT NULL,
  PRIMARY KEY (`access_id`)
) ENGINE=MyISAM DEFAULT CHARSET=latin1;

-- --------------------------------------------------------

--
-- Table structure for table `journal_voucher`
--

DROP TABLE IF EXISTS `journal_voucher`;
CREATE TABLE IF NOT EXISTS `journal_voucher` (
  `jv_id` bigint(20) NOT NULL AUTO_INCREMENT,
  `date` date NOT NULL,
  `jv_id_manual` varchar(100) DEFAULT NULL,
  `jv_title` varchar(100) DEFAULT NULL,
  `jv_description` varchar(200) DEFAULT NULL,
  `jv_type` varchar(255) NOT NULL,
  `user_id` bigint(20) DEFAULT NULL,
  `company_id` bigint(20) DEFAULT NULL,
  PRIMARY KEY (`jv_id`)
) ENGINE=MyISAM AUTO_INCREMENT=243 DEFAULT CHARSET=latin1;

--
-- Dumping data for table `journal_voucher`
--

INSERT INTO `journal_voucher` (`jv_id`, `date`, `jv_id_manual`, `jv_title`, `jv_description`, `jv_type`, `user_id`, `company_id`) VALUES
(80, '2019-06-23', '79', '', '', 'cpv', 1, 7),
(79, '2019-06-23', '78', '', '', 'cpv', 1, 7),
(78, '2019-06-23', '77', '', '', 'cpv', 1, 7),
(77, '2019-06-23', '76', '', '', 'cpv', 1, 7),
(76, '2019-06-23', '75', '', '', 'cpv', 1, 7),
(75, '2019-06-23', '74', '', '', 'cpv', 1, 7),
(74, '2019-06-23', '73', '', '', 'cpv', 1, 7),
(73, '2019-06-23', '72', '', '', 'cpv', 1, 7),
(72, '2019-06-23', '71', '', '', 'cpv', 1, 7),
(71, '2019-06-23', '70', '', '', 'cpv', 1, 7),
(70, '2019-06-23', '69', '', '', 'cpv', 1, 7),
(69, '2019-06-23', '68', '', '', 'cpv', 1, 7),
(68, '2019-06-23', '67', '', '', 'cpv', 1, 7),
(67, '2019-06-23', '66', '', '', 'crv', 1, 7),
(66, '2019-06-23', '65', '', '', 'crv', 1, 7),
(65, '2019-06-22', '64', '', '', '', 1, 7),
(64, '2019-06-22', '63', '', '', '', 1, 7),
(63, '2019-06-22', '62', '', '', 'cpv', 1, 8),
(62, '2019-06-22', '61', '', '', 'cpv', 1, 7),
(61, '2019-06-22', '60', '', '', 'cpv', 1, 7),
(60, '2019-06-22', '59', '', '', 'cpv', 1, 7),
(59, '2019-06-22', '58', '', '', 'crv', 1, 7),
(58, '2019-06-22', '57', '', '', 'crv', 1, 7),
(57, '2019-06-22', '56', '', '', 'crv', 1, 7),
(56, '2019-06-13', '55', 'jv', 'fd', 'vpv', 1, 7),
(55, '2019-06-13', '54', '', '', 'cpv', 1, 7),
(54, '2019-06-13', '53', '', '', 'cpv', 1, 7),
(53, '2019-06-13', '52', '', '', 'cpv', 1, 7),
(52, '2019-06-13', '51', '', '', 'cpv', 1, 7),
(51, '2019-06-13', '50', '', '', 'cpv', 1, 7),
(50, '2019-06-13', '49', '', '', 'cpv', 1, 8),
(49, '2019-06-13', '48', '', '', 'cpv', 1, 7),
(48, '2019-06-13', '47', '', '', 'cpv', 1, 7),
(47, '2019-06-13', '46', '', '', 'cpv', 1, 7),
(46, '2019-06-13', '45', '', '', 'crv', 1, 7),
(45, '2019-06-13', '44', '', '', 'crv', 1, 7),
(44, '2019-06-13', '43', '', '', 'crv', 1, 7),
(43, '2019-06-13', '', '', '', 'crv', 1, 7),
(81, '2019-06-23', '80', '', '', 'cpv', 1, 7),
(82, '2019-06-23', '81', '', '', 'cpv', 1, 7),
(83, '2019-06-23', '82', '', '', 'cpv', 1, 7),
(84, '2019-06-23', '83', '', '', 'cpv', 1, 7),
(85, '2019-06-23', '84', '', '', '', 1, 7),
(86, '2019-06-23', '85', '', '', 'cpv', 1, 7),
(88, '2019-06-25', '86', '', '', 'crv', 1, 7),
(89, '2019-06-25', '88', '', '', 'crv', 1, 7),
(90, '2019-06-25', '89', '', '', 'crv', 1, 7),
(91, '2019-06-25', '90', '', '', 'cpv', 1, 7),
(100, '2019-06-26', '99', '', '', 'crv', 1, 7),
(93, '2019-06-25', '92', '', '', 'cpv', 1, 7),
(94, '2019-06-25', '93', '', '', 'cpv', 1, 7),
(95, '2019-06-25', '94', '', '', 'cpv', 1, 7),
(96, '2019-06-25', '95', '', '', 'cpv', 1, 7),
(99, '2019-06-25', '96', '', '', 'jv', 1, 7),
(101, '2019-06-26', '100', '', '', 'crv', 1, 7),
(102, '2019-06-26', '101', '', '', 'crv', 1, 7),
(103, '2019-06-26', '102', '', '', 'cpv', 1, 7),
(104, '2019-06-26', '103', '', '', 'cpv', 1, 7),
(105, '2019-06-26', '104', '', '', 'cpv', 1, 7),
(106, '2019-06-26', '105', '', '', 'cpv', 1, 7),
(107, '2019-06-26', '106', '', '', 'cpv', 1, 7),
(108, '2019-06-26', '107', '', '', 'jv', 1, 7),
(110, '2019-06-27', '108', '', '', 'crv', 1, 7),
(111, '2019-06-27', '110', '', '', 'crv', 1, 7),
(112, '2019-06-27', '111', '', '', 'cpv', 1, 7),
(113, '2019-06-27', '112', '', '', 'cpv', 1, 7),
(114, '2019-06-27', '113', '', '', 'cpv', 1, 7),
(115, '2019-06-27', '114', '', '', 'jv', 1, 7),
(116, '2019-06-28', '115', '', '', 'crv', 3, 7),
(117, '2019-06-28', '116', '', '', 'crv', 3, 7),
(118, '2019-06-28', '117', '', '', 'cpv', 3, 7),
(119, '2019-06-28', '118', '', '', 'cpv', 3, 7),
(120, '2019-06-28', '119', '', '', 'cpv', 3, 7),
(121, '2019-06-28', '120', '', '', 'jv', 3, 7),
(122, '2019-06-28', '121', '', '', 'jv', 3, 7),
(128, '2019-06-28', '127', '', '', 'jv', 3, 7),
(124, '2019-06-28', '123', '', '', 'jv', 3, 7),
(125, '2019-06-28', '124', '', '', 'jv', 3, 7),
(127, '2019-06-28', '126', '', '', 'jv', 3, 7),
(129, '2019-06-28', '128', '', '', 'jv', 3, 7),
(130, '2019-06-28', '129', '', '', 'jv', 3, 7),
(131, '2019-06-28', '130', '', '', 'jv', 3, 7),
(132, '2019-06-28', '131', '', '', 'jv', 3, 7),
(133, '2019-06-28', '132', '', '', 'jv', 3, 7),
(134, '2019-06-28', '133', '', '', 'jv', 3, 7),
(135, '2019-07-01', '134', '', '', 'crv', 3, 7),
(136, '2019-07-01', '135', '', '', 'crv', 3, 7),
(137, '2019-07-01', '136', '', '', 'cpv', 3, 7),
(138, '2019-07-01', '137', '', '', 'cpv', 3, 7),
(139, '2019-07-01', '138', '', '', 'cpv', 3, 7),
(140, '2019-07-01', '139', '', '', 'cpv', 3, 7),
(141, '2019-07-01', '140', '', '', 'cpv', 3, 7),
(142, '2019-07-01', '141', '', '', 'cpv', 3, 7),
(143, '2019-07-01', '142', '', '', 'cpv', 3, 7),
(144, '2019-07-01', '143', '', '', 'cpv', 3, 7),
(145, '2019-07-01', '144', '', '', 'cpv', 3, 7),
(146, '2019-07-01', '145', '', '', 'cpv', 3, 7),
(147, '2019-07-01', '146', '', '', 'cpv', 3, 7),
(148, '2019-07-01', '147', '', '', 'cpv', 3, 7),
(149, '2019-07-16', '148', '', '', 'jv', 3, 7),
(150, '2019-07-16', '149', '', '', 'jv', 3, 7),
(151, '2019-07-16', '150', '', '', 'jv', 3, 7),
(152, '2019-07-16', '151', '', '', 'jv', 3, 7),
(153, '2019-07-16', '152', '', '', 'jv', 3, 7),
(154, '2019-07-01', '153', '', '', 'jv', 3, 7),
(155, '2019-07-01', '154', '', '', 'jv', 3, 7),
(156, '2019-07-01', '155', '', '', 'jv', 3, 7),
(157, '2019-07-01', '156', '', '', 'jv', 3, 7),
(158, '2019-07-01', '157', '', '', 'jv', 3, 7),
(159, '2019-07-02', '158', '', '', 'crv', 3, 7),
(160, '2019-07-02', '159', '', '', 'crv', 3, 7),
(161, '2019-07-02', '160', '', '', 'cpv', 3, 7),
(162, '2019-07-02', '161', '', '', 'cpv', 3, 7),
(163, '2019-07-02', '162', '', '', 'cpv', 3, 7),
(164, '2019-07-02', '163', '', '', 'cpv', 3, 7),
(165, '2019-07-02', '164', '', '', 'cpv', 3, 7),
(166, '2019-07-02', '165', '', '', 'cpv', 3, 7),
(167, '2019-07-02', '166', '', '', 'cpv', 3, 7),
(168, '2019-07-02', '167', '', '', 'cpv', 3, 7),
(169, '2019-07-03', '168', '', '', 'crv', 3, 7),
(170, '2019-07-03', '169', '', '', 'crv', 3, 7),
(171, '2019-07-03', '170', '', '', 'crv', 3, 7),
(172, '2019-07-03', '171', '', '', 'cpv', 3, 7),
(173, '2019-07-03', '172', '', '', 'cpv', 3, 7),
(174, '2019-07-03', '173', '', '', 'cpv', 3, 7),
(175, '2019-07-03', '174', '', '', 'cpv', 3, 7),
(176, '2019-07-03', '175', '', '', 'cpv', 3, 7),
(177, '2019-07-03', '176', '', '', 'cpv', 3, 7),
(178, '2019-07-03', '177', '', '', 'cpv', 3, 7),
(179, '2019-07-03', '178', '', '', 'cpv', 3, 7),
(180, '2019-07-03', '179', '', '', 'jv', 3, 7),
(181, '2019-07-03', '180', '', '', 'jv', 3, 7),
(182, '2019-07-03', '181', '', '', 'jv', 3, 7),
(183, '2019-07-03', '182', '', '', 'jv', 3, 7),
(184, '2019-07-03', '183', '', '', 'jv', 3, 7),
(185, '2019-07-03', '184', '', '', 'jv', 3, 7),
(186, '2019-07-18', '185', '', '', 'crv', 3, 7),
(187, '2019-07-18', '186', '', '', 'cpv', 3, 7),
(188, '2019-07-18', '187', '', '', 'cpv', 3, 7),
(189, '2019-07-18', '188', '', '', 'cpv', 3, 7),
(190, '2019-07-18', '189', '', '', 'cpv', 3, 7),
(191, '2019-07-18', '190', '', '', 'cpv', 3, 7),
(192, '2019-07-18', '191', '', '', 'cpv', 3, 7),
(193, '2019-07-18', '192', '', '', 'cpv', 3, 7),
(194, '2019-07-18', '193', '', '', 'jv', 3, 7),
(195, '2019-07-18', '194', '', '', 'jv', 3, 7),
(196, '2019-07-19', '195', '', '', 'crv', 3, 7),
(197, '2019-07-19', '196', '', '', 'crv', 3, 7),
(198, '2019-07-19', '197', '', '', 'cpv', 3, 7),
(199, '2019-07-19', '198', '', '', 'cpv', 3, 7),
(200, '2019-07-19', '199', '', '', 'cpv', 3, 7),
(201, '2019-07-19', '200', '', '', 'cpv', 3, 7),
(202, '2019-07-19', '201', '', '', 'cpv', 3, 7),
(203, '2019-07-19', '202', '', '', 'cpv', 3, 7),
(204, '2019-07-19', '203', '', '', 'cpv', 3, 7),
(205, '2019-07-20', '204', '', '', 'crv', 3, 7),
(206, '2019-07-20', '205', '', '', 'crv', 3, 7),
(207, '2019-07-20', '206', '', '', 'crv', 3, 7),
(208, '2019-07-20', '207', '', '', 'cpv', 3, 7),
(209, '2019-07-20', '208', '', '', 'cpv', 3, 7),
(210, '2019-07-20', '209', '', '', 'cpv', 3, 7),
(211, '2019-07-20', '210', '', '', 'cpv', 3, 7),
(212, '2019-07-20', '211', '', '', 'cpv', 3, 7),
(213, '2019-07-20', '212', '', '', 'cpv', 3, 7),
(214, '2019-07-20', '213', '', '', 'cpv', 3, 7),
(215, '2019-07-20', '214', '', '', 'cpv', 3, 7),
(216, '2019-07-20', '215', '', '', 'cpv', 3, 7),
(217, '2019-07-20', '216', '', '', 'jv', 3, 7),
(218, '2019-07-20', '217', '', '', 'jv', 3, 7),
(219, '2019-07-20', '218', '', '', 'jv', 3, 7),
(220, '2019-07-20', '219', '', '', 'jv', 3, 7),
(221, '2019-07-20', '220', '', '', 'jv', 3, 7),
(222, '2019-07-20', '221', '', '', 'jv', 3, 7),
(223, '2019-07-20', '222', '', '', 'jv', 3, 7),
(224, '2019-07-20', '223', '', '', 'jv', 3, 7),
(225, '2019-07-20', '224', '', '', 'jv', 3, 7),
(226, '2019-07-20', '225', '', '', 'jv', 3, 7),
(227, '2019-07-20', '226', '', '', 'jv', 3, 7),
(228, '2019-07-20', '227', '', '', 'jv', 3, 7),
(229, '2019-07-22', '228', '', '', 'crv', 3, 7),
(230, '2019-07-22', '229', '', '', 'crv', 3, 7),
(231, '2019-07-22', '230', '', '', 'crv', 3, 7),
(232, '2019-07-22', '231', '', '', 'crv', 3, 7),
(233, '2019-07-22', '232', '', '', 'crv', 3, 7),
(234, '2019-07-22', '233', '', '', 'crv', 3, 7),
(235, '2019-07-22', '234', '', '', 'crv', 3, 7),
(236, '2019-07-22', '235', '', '', 'crv', 3, 7),
(237, '2019-07-22', '236', '', '', 'crv', 3, 7),
(238, '2019-07-22', '237', '', '', 'crv', 3, 7),
(239, '2019-07-22', '238', '', '', 'crv', 3, 7),
(240, '2019-07-22', '239', '', '', 'crv', 3, 7),
(241, '2019-07-22', '240', '', '', 'cpv', 3, 7),
(242, '2019-07-22', '240', '', '', 'cpv', 3, 7);

-- --------------------------------------------------------

--
-- Table structure for table `options`
--

DROP TABLE IF EXISTS `options`;
CREATE TABLE IF NOT EXISTS `options` (
  `option_id` bigint(20) NOT NULL AUTO_INCREMENT,
  `option_name` varchar(500) NOT NULL,
  `option_value` varchar(500) NOT NULL,
  PRIMARY KEY (`option_id`)
) ENGINE=MyISAM AUTO_INCREMENT=6 DEFAULT CHARSET=latin1;

--
-- Dumping data for table `options`
--

INSERT INTO `options` (`option_id`, `option_name`, `option_value`) VALUES
(1, 'site_url', 'http://127.0.0.1/webful-general-ledger-accounting/script/'),
(2, 'site_name', 'accounts'),
(3, 'email_from', 'nomangul934@gmail.com'),
(4, 'email_to', 'nomangul934@gmail.com'),
(5, 'installation', 'Yes');

-- --------------------------------------------------------

--
-- Table structure for table `transactions`
--

DROP TABLE IF EXISTS `transactions`;
CREATE TABLE IF NOT EXISTS `transactions` (
  `tr_id` bigint(20) NOT NULL AUTO_INCREMENT,
  `jv_id` bigint(20) DEFAULT NULL,
  `account_id` bigint(20) DEFAULT NULL,
  `date` date DEFAULT NULL,
  `memo` varchar(400) DEFAULT NULL,
  `debit` decimal(10,2) DEFAULT NULL,
  `credit` decimal(10,2) DEFAULT NULL,
  PRIMARY KEY (`tr_id`)
) ENGINE=MyISAM AUTO_INCREMENT=484 DEFAULT CHARSET=latin1;

--
-- Dumping data for table `transactions`
--

INSERT INTO `transactions` (`tr_id`, `jv_id`, `account_id`, `date`, `memo`, `debit`, `credit`) VALUES
(125, 63, 114, '2019-06-22', 'Adv/salary m/o june-19', '0.00', '-2090.00'),
(124, 63, 127, '2019-06-22', 'Adv/salary m/o june-19', '2090.00', '0.00'),
(123, 62, 107, '2019-06-22', 'Paid electricity bill M/o june - 19', '0.00', '-863.00'),
(122, 62, 126, '2019-06-22', 'Paid electricity bill M/o june - 19', '863.00', '0.00'),
(121, 61, 107, '2019-06-22', 'Paid to C/e', '0.00', '-13000.00'),
(120, 61, 125, '2019-06-22', 'Paid to C/e', '13000.00', '0.00'),
(119, 60, 107, '2019-06-22', 'Adv/salary M/o june-19', '0.00', '-5000.00'),
(118, 60, 124, '2019-06-22', 'Adv/salary M/o june-19', '5000.00', '0.00'),
(117, 59, 123, '2019-06-22', 'Cash rcvd against sales of copy/register', '0.00', '-3450.00'),
(116, 59, 107, '2019-06-22', 'Cash rcvd against sales of copy/register', '3450.00', '0.00'),
(115, 58, 122, '2019-06-22', 'Cash rcvd from NSP ', '0.00', '-4375.00'),
(114, 58, 107, '2019-06-22', 'Cash rcvd from NSP ', '4375.00', '0.00'),
(113, 57, 122, '2019-06-22', 'Cash rcvd from NSP \r\n\r\n', '0.00', '-28785.00'),
(112, 57, 107, '2019-06-22', 'Cash rcvd from NSP \r\n\r\n', '28785.00', '0.00'),
(111, 56, 121, '2019-06-13', 'Online Received on dt. 29.05.19 from Naveed Iqbal Sahiwal', '0.00', '-8270.00'),
(110, 56, 120, '2019-06-13', 'Online Received on dt. 29.05.19 from Naveed Iqbal Sahiwal', '8270.00', '0.00'),
(109, 55, 107, '2019-06-13', 'Paid for C/E Car Paking Monthly Expense', '0.00', '-1200.00'),
(108, 55, 119, '2019-06-13', 'Paid for C/E Car Paking Monthly Expense', '1200.00', '0.00'),
(107, 54, 107, '2019-06-13', 'Paid to Police Man at NSP', '0.00', '-3000.00'),
(106, 54, 118, '2019-06-13', 'Paid to Police Man at NSP', '3000.00', '0.00'),
(105, 53, 107, '2019-06-13', 'Paid Charity at NSP', '0.00', '-1000.00'),
(104, 53, 117, '2019-06-13', 'Paid Charity at NSP', '1000.00', '0.00'),
(103, 52, 107, '2019-06-13', 'Paid Carriage for different LND Kitabcha as GP List Attached', '0.00', '-500.00'),
(102, 52, 116, '2019-06-13', 'Paid Carriage for different LND Kitabcha as GP List Attached', '500.00', '0.00'),
(101, 51, 107, '2019-06-13', 'Purchase 9 Cold Drink for C/E', '0.00', '-198.00'),
(100, 51, 115, '2019-06-13', 'Purchase 9 Cold Drink for C/E', '198.00', '0.00'),
(99, 50, 114, '2019-06-13', 'Paid to Mr. Ahmad Faraz as fuel exp for official working of different days as per detailed attached', '0.00', '-300.00'),
(98, 50, 113, '2019-06-13', 'Paid to Mr. Ahmad Faraz as fuel exp for official working of different days as per detailed attached', '300.00', '0.00'),
(97, 49, 107, '2019-06-13', 'Paid for Ufone Balace of diffrent employees as detailed attached', '0.00', '-6000.00'),
(96, 49, 112, '2019-06-13', 'Paid for Ufone Balace of diffrent employees as detailed attached', '6000.00', '0.00'),
(95, 48, 107, '2019-06-13', 'Paid for Zong Businees SMS Service No 3120436162', '0.00', '-2000.00'),
(94, 48, 111, '2019-06-13', 'Paid for Zong Businees SMS Service No 3120436162', '2000.00', '0.00'),
(93, 47, 107, '2019-06-13', 'Paid to Mr. Javed for Official to Godown', '0.00', '-60.00'),
(92, 47, 110, '2019-06-13', 'Paid to Mr. Javed for Official to Godown', '60.00', '0.00'),
(91, 46, 108, '2019-06-13', 'Cash Received from Copy and Register ', '0.00', '0.00'),
(90, 46, 107, '2019-06-13', 'Cash Received from Copy and Register ', '0.00', '0.00'),
(89, 45, 108, '2019-06-13', 'Cash Received from Account and Parties ', '0.00', '-1032340.00'),
(88, 45, 107, '2019-06-13', 'Cash Received from Account and Parties ', '1032340.00', '0.00'),
(87, 44, 108, '2019-06-13', 'Cash Received from Nsp ', '0.00', '-46045.00'),
(86, 44, 107, '2019-06-13', 'Cash Received from Nsp ', '46045.00', '0.00'),
(85, 43, 108, '2019-06-13', 'Cash Received from Venus ', '0.00', '0.00'),
(84, 43, 107, '2019-06-13', 'Cash Received from Venus ', '0.00', '0.00'),
(126, 64, 128, '2019-06-22', 'Special incentives ', '2000.00', '0.00'),
(127, 64, 122, '2019-06-22', 'Special incentives ', '0.00', '-2000.00'),
(128, 65, 129, '2019-06-22', 'Bill of binding P/o 121', '14914.00', '0.00'),
(129, 65, 130, '2019-06-22', 'Bill of binding P/o 121', '0.00', '-14914.00'),
(130, 66, 107, '2019-06-23', 'cash rcvd from Nsp ', '22570.00', '0.00'),
(131, 66, 122, '2019-06-23', 'cash rcvd from Nsp ', '0.00', '-22570.00'),
(132, 67, 107, '2019-06-23', 'cash rcvd from parties ', '13620.00', '0.00'),
(133, 67, 122, '2019-06-23', 'cash rcvd from parties ', '0.00', '-13620.00'),
(134, 68, 132, '2019-06-23', 'Advance paid to Mr Sajjad ', '10000.00', '0.00'),
(135, 68, 107, '2019-06-23', 'Advance paid to Mr Sajjad ', '0.00', '-10000.00'),
(136, 69, 133, '2019-06-23', 'Adv/salary m/o june-19', '3000.00', '0.00'),
(137, 69, 107, '2019-06-23', 'Adv/salary m/o june-19', '0.00', '-3000.00'),
(138, 70, 134, '2019-06-23', 'Adv/salary m/o june-19', '3000.00', '0.00'),
(139, 70, 107, '2019-06-23', 'Adv/salary m/o june-19', '0.00', '-3000.00'),
(140, 71, 135, '2019-06-23', 'Paid to Mr iqbal ', '286.00', '0.00'),
(141, 71, 107, '2019-06-23', 'Paid to Mr iqbal ', '0.00', '-286.00'),
(142, 72, 136, '2019-06-23', 'Adv/salary M/o June-19', '10000.00', '0.00'),
(143, 72, 107, '2019-06-23', 'Adv/salary M/o June-19', '0.00', '-10000.00'),
(144, 73, 137, '2019-06-23', 'Adv/salary M/o June-19', '10000.00', '0.00'),
(145, 73, 107, '2019-06-23', 'Adv/salary M/o June-19', '0.00', '-10000.00'),
(146, 74, 135, '2019-06-23', 'Paid for one juice \r\n', '50.00', '0.00'),
(147, 74, 107, '2019-06-23', 'Paid for one juice \r\n', '0.00', '-50.00'),
(148, 75, 138, '2019-06-23', 'Paid for #960,931', '1200.00', '0.00'),
(149, 75, 107, '2019-06-23', 'Paid for #960,931', '0.00', '-1200.00'),
(150, 76, 139, '2019-06-23', 'Purchased computer book GP#8298', '915.00', '0.00'),
(151, 76, 107, '2019-06-23', 'Purchased computer book GP#\r\n8298', '0.00', '-915.00'),
(152, 77, 140, '2019-06-23', 'advance paid ', '15000.00', '0.00'),
(153, 77, 107, '2019-06-23', 'advance paid ', '0.00', '-15000.00'),
(154, 78, 116, '2019-06-23', 'paid carriage for GP#8618\r\n', '1560.00', '0.00'),
(155, 78, 107, '2019-06-23', 'paid carriage for GP#8618\r\n', '0.00', '-1560.00'),
(156, 79, 141, '2019-06-23', 'paid to Tariq ', '200.00', '0.00'),
(157, 79, 107, '2019-06-23', 'paid to Tariq ', '0.00', '-200.00'),
(158, 80, 116, '2019-06-23', 'Paid carriage for GP#10411\r\n', '1900.00', '0.00'),
(159, 80, 107, '2019-06-23', 'Paid carriage for GP#10411\r\n', '0.00', '-1900.00'),
(160, 81, 118, '2019-06-23', 'Paid eidi to SG \r\n', '2000.00', '0.00'),
(161, 81, 107, '2019-06-23', 'Paid eidi to SG \r\n', '0.00', '-2000.00'),
(162, 82, 142, '2019-06-23', 'Paid PTCL bill', '710.00', '0.00'),
(163, 82, 107, '2019-06-23', 'Paid PTCL bill', '0.00', '-710.00'),
(164, 83, 143, '2019-06-23', 'paid electricity bill ', '13372.00', '0.00'),
(165, 83, 107, '2019-06-23', 'paid electricity bill ', '0.00', '-13372.00'),
(166, 84, 144, '2019-06-23', 'Paid ledger balance ', '36000.00', '0.00'),
(167, 84, 107, '2019-06-23', 'Paid ledger balance ', '0.00', '-36000.00'),
(168, 85, 145, '2019-06-23', 'special incentives to Mr Mfzal ', '19150.00', '0.00'),
(169, 85, 146, '2019-06-23', 'special incentives to Mr Mfzal ', '0.00', '-19150.00'),
(170, 86, 147, '2019-06-23', 'Paid ledger balance ', '28030.00', '0.00'),
(171, 86, 107, '2019-06-23', 'Paid ledger balance ', '0.00', '-28030.00'),
(175, 88, 148, '2019-06-25', 'Chq # 86725206 dt 25.06.19 withdrawl', '0.00', '-950000.00'),
(174, 88, 107, '2019-06-25', 'Chq # 86725206 dt 25.06.19 withdrawl', '950000.00', '0.00'),
(176, 89, 107, '2019-06-25', 'cash rcvd from NSP', '11075.00', '0.00'),
(177, 89, 122, '2019-06-25', 'cash rcvd from NSP', '0.00', '-11075.00'),
(178, 90, 107, '2019-06-25', 'cash rcvd from NSP ', '31520.00', '0.00'),
(179, 90, 122, '2019-06-25', 'cash rcvd from NSP ', '0.00', '-31520.00'),
(180, 91, 115, '2019-06-25', 'Purchased 10 milk packs ', '300.00', '0.00'),
(181, 91, 107, '2019-06-25', 'Purchased 10 milk packs ', '0.00', '-300.00'),
(198, 100, 107, '2019-06-26', 'Chq # 86725207 dt 26.06.19 withdrawl\r\n', '950000.00', '0.00'),
(184, 93, 149, '2019-06-25', 'Adv/salary M/o june-19\r\n', '20000.00', '0.00'),
(185, 93, 107, '2019-06-25', 'Adv/salary M/o june-19\r\n', '0.00', '-20000.00'),
(186, 94, 151, '2019-06-25', 'Paid ad exp', '4300.00', '0.00'),
(187, 94, 107, '2019-06-25', 'Paid ad exp', '0.00', '-4300.00'),
(188, 95, 152, '2019-06-25', 'sales return to Mr M Ajmal', '11500.00', '0.00'),
(189, 95, 107, '2019-06-25', 'sales return to Mr M Ajmal', '0.00', '-11500.00'),
(190, 96, 153, '2019-06-25', 'paid ledger balance ', '13000.00', '0.00'),
(191, 96, 107, '2019-06-25', 'paid ledger balance ', '0.00', '-13000.00'),
(197, 99, 154, '2019-06-25', 'AMOUNT ADJUSTED', '0.00', '-725.00'),
(196, 99, 153, '2019-06-25', 'AMOUNT ADJUSTED', '725.00', '0.00'),
(199, 100, 148, '2019-06-26', 'Chq # 86725207 dt 26.06.19 withdrawl\r\n', '0.00', '-950000.00'),
(200, 101, 107, '2019-06-26', 'Cash rcvd from NSP ', '23140.00', '0.00'),
(201, 101, 122, '2019-06-26', 'Cash rcvd from NSP ', '0.00', '-23140.00'),
(202, 102, 107, '2019-06-26', 'Cash rcvd from NSP ', '15000.00', '0.00'),
(203, 102, 122, '2019-06-26', 'Cash rcvd from NSP ', '0.00', '-15000.00'),
(204, 103, 155, '2019-06-26', 'Adv/salary ', '5000.00', '0.00'),
(205, 103, 107, '2019-06-26', 'Adv/salary ', '0.00', '-5000.00'),
(206, 104, 135, '2019-06-26', 'Paid for 3 dahi bhallay for C/E office', '210.00', '0.00'),
(207, 104, 107, '2019-06-26', 'Paid for 3 dahi bhallay for C/E office', '0.00', '-210.00'),
(208, 105, 146, '2019-06-26', 'Adv/salary ', '10000.00', '0.00'),
(209, 105, 107, '2019-06-26', 'Adv/salary ', '0.00', '-10000.00'),
(210, 106, 156, '2019-06-26', 'Paid electricity bill ', '7267.00', '0.00'),
(211, 106, 107, '2019-06-26', 'Paid electricity bill ', '0.00', '-7267.00'),
(212, 107, 157, '2019-06-26', 'Paid ledger balance ', '5400.00', '0.00'),
(213, 107, 107, '2019-06-26', 'Paid ledger balance ', '0.00', '-5400.00'),
(214, 108, 157, '2019-06-26', 'Amount adjusted', '85.00', '0.00'),
(215, 108, 107, '2019-06-26', 'Amount adjusted', '0.00', '-85.00'),
(218, 110, 107, '2019-06-27', 'cash rcvd from nsp', '12575.00', '0.00'),
(219, 110, 122, '2019-06-27', 'cash rcvd from nsp', '0.00', '-12575.00'),
(220, 111, 107, '2019-06-27', 'cash rcvd from nsp', '6530.00', '0.00'),
(221, 111, 122, '2019-06-27', 'cash rcvd from nsp', '0.00', '-6530.00'),
(222, 112, 116, '2019-06-27', 'paid carriage', '2720.00', '0.00'),
(223, 112, 107, '2019-06-27', 'paid carriage', '0.00', '-2720.00'),
(224, 113, 135, '2019-06-27', 'paid refreshment charges \r\n', '120.00', '0.00'),
(225, 113, 107, '2019-06-27', 'paid refreshment charges \r\n', '0.00', '-120.00'),
(226, 114, 159, '2019-06-27', 'Adv/salary', '1500.00', '0.00'),
(227, 114, 107, '2019-06-27', 'Adv/salary', '0.00', '-1500.00'),
(228, 115, 158, '2019-06-27', 'Dis B#295006 25.05.19\r\nyameen BD mandi bahaudin', '1638.00', '0.00'),
(229, 115, 122, '2019-06-27', 'Dis B#295006 25.05.19\r\nyameen BD mandi bahaudin', '0.00', '-1638.00'),
(230, 116, 107, '2019-06-28', 'Cash rcvd from NSP', '12500.00', '0.00'),
(231, 116, 122, '2019-06-28', 'Cash rcvd from NSP', '0.00', '-12500.00'),
(232, 117, 107, '2019-06-28', 'Cash rcvd from NSP', '32510.00', '0.00'),
(233, 117, 122, '2019-06-28', 'Cash rcvd from NSP', '0.00', '-32510.00'),
(234, 118, 160, '2019-06-28', 'Paid fuel expnces', '560.00', '0.00'),
(235, 118, 107, '2019-06-28', 'Paid fuel expnces', '0.00', '-560.00'),
(236, 119, 115, '2019-06-28', 'Paid for C/E handsfree', '250.00', '0.00'),
(237, 119, 107, '2019-06-28', 'Paid for C/E handsfree', '0.00', '-250.00'),
(238, 120, 161, '2019-06-28', 'Adv/salary M/oJune-19\r\n', '50000.00', '0.00'),
(239, 120, 107, '2019-06-28', 'Adv/salary M/oJune-19\r\n', '0.00', '-50000.00'),
(240, 121, 162, '2019-06-28', 'Reversal bills posted', '329427.00', '0.00'),
(241, 121, 163, '2019-06-28', 'Reversal bills posted', '0.00', '-329427.00'),
(242, 122, 162, '2019-06-28', 'Bill of binding of Physics practical Note Book U/M 9th  P/O # 11B/17 qty 15740 @9', '141660.00', '0.00'),
(243, 122, 163, '2019-06-28', 'Bill of binding of Physics practical Note Book U/M 9th  P/O # 11B/17 qty 15740 @9', '0.00', '-141660.00'),
(254, 128, 163, '2019-06-28', 'Bill of binding of Chem Practical Note book U/M 9th P/o # 14B/17 qty 15930 @ 16 now rectifed', '254880.00', '0.00'),
(246, 124, 162, '2019-06-28', 'Bill of binding of Chem Practical Note book U/M 9th P/o#14b/17 qty 15930@9', '143370.00', '0.00'),
(247, 124, 163, '2019-06-28', 'Bill of binding of Chem Practical Note book U/M 9th P/o#14b/17 qty 15930@9', '0.00', '-143370.00'),
(248, 125, 162, '2019-06-28', 'Bill of binding of Chem Practical copy note Book E/M 10th P/o#5b/17 qty 4933@9\r\n', '44397.00', '0.00'),
(249, 125, 163, '2019-06-28', 'Bill of binding of Chem Practical copy note Book E/M 10th P/o#5b/17 qty 4933@9\r\n', '0.00', '-44397.00'),
(253, 127, 162, '2019-06-28', 'Bill of binding of Phy Note book U/M 9th P/o # 11B/17 qty 15740 @ 16 now rectified', '0.00', '-251840.00'),
(252, 127, 162, '2019-06-28', 'Bill of binding of Phy Note book U/M 9th P/o # 11B/17 qty 15740 @ 16 now rectified', '251840.00', '0.00'),
(255, 128, 162, '2019-06-28', 'Bill of binding of Chem Practical Note book U/M 9th P/o # 14B/17 qty 15930 @ 16 now rectifed', '0.00', '-254880.00'),
(256, 129, 163, '2019-06-28', 'Bill of binding fo Chem Practical note book U/M 10th p/o#5b/17 qty 4933 @ 16 now rectified', '78928.00', '0.00'),
(257, 129, 162, '2019-06-28', 'Bill of binding fo Chem Practical note book U/M 10th p/o#5b/17 qty 4933 @ 16 now rectified', '0.00', '-78928.00'),
(258, 130, 163, '2019-06-28', 'Bill of binding of cent percent Chem 10th qty 9875 @ 2.925', '28884.00', '0.00'),
(259, 130, 164, '2019-06-28', 'Bill of binding of cent percent Chem 10th qty 9875 @ 2.925', '0.00', '-28884.00'),
(260, 131, 163, '2019-06-28', 'Bill of binding of cent percent Maths sci 10th qty 2880 @ 3.6', '10368.00', '0.00'),
(261, 131, 164, '2019-06-28', 'Bill of binding of cent percent Maths sci 10th qty 2880 @ 3.6', '0.00', '-10368.00'),
(262, 132, 163, '2019-06-28', 'Bill of binding of cent percent Home 10th qty 2850 @ 1.8', '5130.00', '0.00'),
(263, 132, 164, '2019-06-28', 'Bill of binding of cent percent Home 10th qty 2850 @ 1.8', '0.00', '-5130.00'),
(264, 133, 165, '2019-06-28', 'Bill of 25 pkts of Bux board @ 935 GP#8134', '23700.00', '0.00'),
(265, 133, 166, '2019-06-28', 'Bill of 25 pkts of Bux board @ 935 GP#8134', '0.00', '-23700.00'),
(266, 134, 165, '2019-06-28', 'Bill of 165 reams of Art paper @ 4135 against Inv#7059 dt 11.04.19', '68600.00', '0.00'),
(267, 134, 167, '2019-06-28', 'Bill of 165 reams of Art paper @ 4135 against Inv#7059 dt 11.04.19', '0.00', '-68600.00'),
(268, 135, 107, '2019-07-01', 'Cash rcvd from NSP ', '7160.00', '0.00'),
(269, 135, 122, '2019-07-01', 'Cash rcvd from NSP ', '0.00', '-7160.00'),
(270, 136, 107, '2019-07-01', 'Cash rcvd from NSP ', '14850.00', '0.00'),
(271, 136, 122, '2019-07-01', 'Cash rcvd from NSP ', '0.00', '-14850.00'),
(272, 137, 259, '2019-07-01', 'Paid for 7 green leaf books GP#8651', '480.00', '0.00'),
(273, 137, 107, '2019-07-01', 'Paid for 7 green leaf books GP#8651', '0.00', '-480.00'),
(274, 138, 135, '2019-07-01', 'Paid lunch exp for Mr Nouman gul \r\n', '150.00', '0.00'),
(275, 138, 107, '2019-07-01', 'Paid lunch exp for Mr Nouman gul \r\n', '0.00', '-150.00'),
(276, 139, 183, '2019-07-01', 'Paid to Mr Ahmad fraz for official visit Inv#443,2318', '200.00', '0.00'),
(277, 139, 107, '2019-07-01', 'Paid to Mr Ahmad fraz for official visit Inv#443,2318', '0.00', '-200.00'),
(278, 140, 201, '2019-07-01', 'Paid to Mr Amir Shafiq for PEC ', '212.00', '0.00'),
(279, 140, 107, '2019-07-01', 'Paid to Mr Amir Shafiq for PEC ', '0.00', '-212.00'),
(280, 141, 201, '2019-07-01', 'Paid photocopy charges to Mr Amir for PEC papers', '212.00', '0.00'),
(281, 141, 107, '2019-07-01', 'Paid photocopy charges to Mr Amir for PEC papers', '0.00', '-212.00'),
(282, 142, 183, '2019-07-01', 'Paid to Mr Ali fraz & Mr Ansar for official visit to Mr Masood Bhatti,s house ', '1605.00', '0.00'),
(283, 142, 107, '2019-07-01', 'Paid to Mr Ali fraz & Mr Ansar for official visit to Mr Masood Bhatti,s house ', '0.00', '-1605.00'),
(284, 143, 183, '2019-07-01', 'Paid to Mr Akhatr for officialy visit to GPO', '150.00', '0.00'),
(285, 143, 107, '2019-07-01', 'Paid to Mr Akhatr for officialy visit to GPO', '0.00', '-150.00'),
(286, 144, 193, '2019-07-01', 'Purchased cold drinks for C/E \r\n', '278.00', '0.00'),
(287, 144, 107, '2019-07-01', 'Purchased cold drinks for C/E \r\n', '0.00', '-278.00'),
(288, 145, 251, '2019-07-01', 'Adv/salary M/o July-19', '5000.00', '0.00'),
(289, 145, 107, '2019-07-01', 'Adv/salary M/o July-19', '0.00', '-5000.00'),
(290, 146, 150, '2019-07-01', 'Adv/salary M/o July-19', '3000.00', '0.00'),
(291, 146, 107, '2019-07-01', 'Adv/salary M/o July-19', '0.00', '-3000.00'),
(292, 147, 177, '2019-07-01', 'Paid to C/E through Mr Ansar Iqbal ', '25000.00', '0.00'),
(293, 147, 107, '2019-07-01', 'Paid to C/E through Mr Ansar Iqbal ', '0.00', '-25000.00'),
(294, 148, 177, '2019-07-01', 'paid to C/E for personal use ', '100000.00', '0.00'),
(295, 148, 107, '2019-07-01', 'paid to C/E for personal use ', '0.00', '-100000.00'),
(296, 149, 262, '2019-07-16', 'Bill of 25 pkts @ 140 GP#859 etc  ', '47600.00', '0.00'),
(297, 149, 261, '2019-07-16', 'Bill of 25 pkts @ 140 GP#859 etc  ', '0.00', '-47600.00'),
(298, 150, 261, '2019-07-16', 'Amount adjusted', '600.00', '0.00'),
(299, 150, 263, '2019-07-16', 'Amount adjusted', '0.00', '-600.00'),
(300, 151, 262, '2019-07-16', 'Bill of printing of Physics 9th,10th GP#2847 dt 02.05.17 etc', '43250.00', '0.00'),
(301, 151, 266, '2019-07-16', 'Bill of printing of Physics 9th,10th GP#2847 dt 02.05.17 etc', '0.00', '-43250.00'),
(302, 152, 262, '2019-07-16', 'Bill of printing of Chem Phy 9th,10th against GP#2475,2457,2467', '14400.00', '0.00'),
(303, 152, 266, '2019-07-16', 'Bill of printing of Chem Phy 9th,10th against GP#2475,2457,2467', '0.00', '-14400.00'),
(304, 153, 262, '2019-07-16', 'Paid title charges 2nd class summer vacation to Mr Shahazad dt 13.05.18 reversed due to double posted', '9200.00', '0.00'),
(305, 153, 266, '2019-07-16', 'Paid title charges 2nd class summer vacation to Mr Shahazad dt 13.05.18 reversed due to double posted', '0.00', '-9200.00'),
(306, 154, 262, '2019-07-01', 'Bill of 25 pkts title charges GP#@140 GP#859', '47600.00', '0.00'),
(307, 154, 261, '2019-07-01', 'Bill of 25 pkts title charges GP#@140 GP#859', '0.00', '-47600.00'),
(308, 155, 261, '2019-07-01', 'Amount Adjusted', '600.00', '0.00'),
(309, 155, 263, '2019-07-01', 'Amount Adjusted', '0.00', '-600.00'),
(310, 156, 262, '2019-07-01', 'Bill of printing of Phy 9th 10th GP#2847 dt 02.05.17 etc ', '43250.00', '0.00'),
(311, 156, 266, '2019-07-01', 'Bill of printing of Phy 9th 10th GP#2847 dt 02.05.17 etc ', '0.00', '-43250.00'),
(312, 157, 262, '2019-07-01', 'Bill of printing of Chem,Phy 9th 10th against GP#2475,2458,2467', '14400.00', '0.00'),
(313, 157, 266, '2019-07-01', 'Bill of printing of Chem,Phy 9th 10th against GP#2475,2458,2467', '0.00', '-14400.00'),
(314, 158, 262, '2019-07-01', 'Paid tittle charges fo 2nd class Summer vacation to Mr Shahazad dt 13.05.18 reversed ', '9200.00', '0.00'),
(315, 158, 266, '2019-07-01', 'Paid tittle charges fo 2nd class Summer vacation to Mr Shahazad dt 13.05.18 reversed ', '0.00', '-9200.00'),
(316, 159, 107, '2019-07-02', 'Cash rcvd from NSP ', '18695.00', '0.00'),
(317, 159, 122, '2019-07-02', 'Cash rcvd from NSP ', '0.00', '-18695.00'),
(318, 160, 107, '2019-07-02', 'Cash rcvd from NSP', '15400.00', '0.00'),
(319, 160, 122, '2019-07-02', 'Cash rcvd from NSP', '0.00', '-15400.00'),
(320, 161, 188, '2019-07-02', 'Paid travelling to a cook candidate of Jehlum', '500.00', '0.00'),
(321, 161, 107, '2019-07-02', 'Paid travelling to a cook candidate of Jehlum', '0.00', '-500.00'),
(322, 162, 141, '2019-07-02', 'Paid to Usman Khan', '400.00', '0.00'),
(323, 162, 107, '2019-07-02', 'Paid to Usman Khan', '0.00', '-400.00'),
(324, 163, 182, '2019-07-02', 'Paid biryani exp for Nouman & cook', '250.00', '0.00'),
(325, 163, 107, '2019-07-02', 'Paid biryani exp for Nouman & cook', '0.00', '-250.00'),
(326, 164, 115, '2019-07-02', 'Purchased medicine for C/E by Fahad', '70.00', '0.00'),
(327, 164, 107, '2019-07-02', 'Purchased medicine for C/E by Fahad', '0.00', '-70.00'),
(328, 165, 174, '2019-07-02', 'Paid ring binding charges for PEC papers by Mr Amir GP#8652', '200.00', '0.00'),
(329, 165, 170, '2019-07-02', 'Paid ring binding charges for PEC papers by Mr Amir GP#8652', '0.00', '-200.00'),
(330, 166, 175, '2019-07-02', 'Paid carriage for P/C Bio Phy GP#8621,22,23', '600.00', '0.00'),
(331, 166, 170, '2019-07-02', 'Paid carriage for P/C Bio Phy GP#8621,22,23', '0.00', '-600.00'),
(332, 167, 182, '2019-07-02', 'Paid refreshment charges at NSP for guests ', '400.00', '0.00'),
(333, 167, 170, '2019-07-02', 'Paid refreshment charges at NSP for guests ', '0.00', '-400.00'),
(334, 168, 177, '2019-07-02', 'Paid to C/E at NSP', '5000.00', '0.00'),
(335, 168, 107, '2019-07-02', 'Paid to C/E at NSP', '0.00', '-5000.00'),
(336, 169, 107, '2019-07-03', 'Cash rcvd from Mr M Saleem GPO dt 03.07.19', '1000000.00', '0.00'),
(337, 169, 267, '2019-07-03', 'Cash rcvd from Mr M Saleem GPO dt 03.07.19', '0.00', '-1000000.00'),
(338, 170, 107, '2019-07-03', 'cash rcvd from NSP ', '46635.00', '0.00'),
(339, 170, 122, '2019-07-03', 'cash rcvd from NSP ', '0.00', '-46635.00'),
(340, 171, 107, '2019-07-03', 'Cash rcvd from NSP', '13600.00', '0.00'),
(341, 171, 122, '2019-07-03', 'Cash rcvd from NSP', '0.00', '-13600.00'),
(342, 172, 268, '2019-07-03', 'Purchased 1 pair of plastic glove store cleaning GP#8654\r\n', '50.00', '0.00'),
(343, 172, 107, '2019-07-03', 'Purchased 1 pair of plastic glove store cleaning GP#8654\r\n', '0.00', '-50.00'),
(344, 173, 188, '2019-07-03', 'Paid to inayat Masih for shifting of H/o record', '200.00', '0.00'),
(345, 173, 170, '2019-07-03', 'Paid to inayat Masih for shifting of H/o record', '0.00', '-200.00'),
(346, 174, 141, '2019-07-03', 'Paid to Gul naeem', '500.00', '0.00'),
(347, 174, 107, '2019-07-03', 'Paid to Gul naeem', '0.00', '-500.00'),
(348, 175, 269, '2019-07-03', 'Paid for NSP battery charging', '450.00', '0.00'),
(349, 175, 107, '2019-07-03', 'Paid for NSP battery charging', '0.00', '-450.00'),
(350, 176, 178, '2019-07-03', 'Paid charity at NSP ', '500.00', '0.00'),
(351, 176, 107, '2019-07-03', 'Paid charity at NSP ', '0.00', '-500.00'),
(352, 177, 119, '2019-07-03', 'Paid C/E car parking ', '1200.00', '0.00'),
(353, 177, 107, '2019-07-03', 'Paid C/E car parking ', '0.00', '-1200.00'),
(354, 178, 269, '2019-07-03', 'paid to Mr Masood Bhatti ', '4000.00', '0.00'),
(355, 178, 107, '2019-07-03', 'paid to Mr Masood Bhatti ', '0.00', '-4000.00'),
(356, 179, 138, '2019-07-03', 'Paid for U fone # 950,957,911', '10200.00', '0.00'),
(357, 179, 107, '2019-07-03', 'Paid for U fone # 950,957,911', '0.00', '-10200.00'),
(358, 180, 150, '2019-07-03', 'Adv/salary M/o July-19 now rectified dt 01.07.19', '3000.00', '0.00'),
(359, 180, 133, '2019-07-03', 'Adv/salary M/o July-19 now rectified dt 01.07.19', '0.00', '-3000.00'),
(360, 181, 212, '2019-07-03', 'EOBI contribution M/o May-19', '390.00', '0.00'),
(361, 181, 270, '2019-07-03', 'EOBI contribution M/o May-19', '0.00', '-390.00'),
(362, 182, 213, '2019-07-03', 'EOBI contribution M/o May-19', '390.00', '0.00'),
(363, 182, 270, '2019-07-03', 'EOBI contribution M/o May-19', '0.00', '-390.00'),
(364, 183, 224, '2019-07-03', 'EOBI contribution M/o May-19', '390.00', '0.00'),
(365, 183, 107, '2019-07-03', 'EOBI contribution M/o May-19', '0.00', '-390.00'),
(366, 184, 225, '2019-07-03', 'EOBI contribution M/o May-19', '390.00', '0.00'),
(367, 184, 159, '2019-07-03', 'EOBI contribution M/o May-19', '0.00', '-390.00'),
(368, 185, 238, '2019-07-03', 'EOBI contribution M/o May-19', '390.00', '0.00'),
(369, 185, 270, '2019-07-03', 'EOBI contribution M/o May-19', '0.00', '-390.00'),
(370, 186, 107, '2019-07-18', 'cash rcvd from NSP', '4405.00', '0.00'),
(371, 186, 122, '2019-07-18', 'cash rcvd from NSP', '0.00', '-4405.00'),
(372, 187, 269, '2019-07-18', 'Paid to ramzan babli', '2360.00', '0.00'),
(373, 187, 107, '2019-07-18', 'Paid to ramzan babli', '0.00', '-2360.00'),
(374, 188, 160, '2019-07-18', 'Fuel paid to Mr ahmad faraz', '660.00', '0.00'),
(375, 188, 107, '2019-07-18', 'Fuel paid to Mr ahmad faraz', '0.00', '-660.00'),
(376, 189, 183, '2019-07-18', 'Paid to Mr Javed & Adnan', '50.00', '0.00'),
(377, 189, 107, '2019-07-18', 'Paid to Mr Javed & Adnan', '0.00', '-50.00'),
(378, 190, 271, '2019-07-18', 'Paid labor to Mr Amir for Chairs repair ', '500.00', '0.00'),
(379, 190, 107, '2019-07-18', 'Paid labor to Mr Amir for Chairs repair ', '0.00', '-500.00'),
(380, 191, 269, '2019-07-18', 'Purchased rexene for H/o Chairs GP#8663', '2980.00', '0.00'),
(381, 191, 107, '2019-07-18', 'Purchased rexene for H/o Chairs GP#8663', '0.00', '-2980.00'),
(382, 192, 269, '2019-07-18', 'paid repaired charges for H/o Chairs GP#8661\r\n', '3255.00', '0.00'),
(383, 192, 107, '2019-07-18', 'paid repaired charges for H/o Chairs GP#8661\r\n', '0.00', '-3255.00'),
(384, 193, 272, '2019-07-18', 'Advance cash paid to Mr Asif ', '10000.00', '0.00'),
(385, 193, 107, '2019-07-18', 'Advance cash paid to Mr Asif ', '0.00', '-10000.00'),
(386, 194, 262, '2019-07-18', 'Bill of printing Chemistry copy 2000 from Arif printing Binder Ashfaq Asif Indent # 6728', '10000.00', '0.00'),
(387, 194, 272, '2019-07-18', 'Bill of printing Chemistry copy 2000 from Arif printing Binder Ashfaq Asif Indent # 6728', '0.00', '-10000.00'),
(388, 195, 188, '2019-07-18', 'Bill#1941 dt 18.07.19 rcvd of Every day yellow label tea bag, sugar against Inv#8662 dt 18.07.19', '31340.00', '0.00'),
(389, 195, 273, '2019-07-18', 'Bill#1941 dt 18.07.19 rcvd of Every day yellow label tea bag, sugar against Inv#8662 dt 18.07.19', '0.00', '-31340.00'),
(390, 196, 170, '2019-07-19', 'Cash rcvd from NSP', '21770.00', '0.00'),
(391, 196, 122, '2019-07-19', 'Cash rcvd from NSP', '0.00', '-21770.00'),
(392, 197, 170, '2019-07-19', 'cash rcvd from NSP', '7100.00', '0.00'),
(393, 197, 122, '2019-07-19', 'cash rcvd from NSP', '0.00', '-7100.00'),
(394, 198, 271, '2019-07-19', 'Paid 1 paper ream vehicle unloading charges ', '1800.00', '0.00'),
(395, 198, 170, '2019-07-19', 'Paid 1 paper ream vehicle unloading charges ', '0.00', '-1800.00'),
(396, 199, 110, '2019-07-19', 'Paid to Mr Naeem for officially visit to godown ', '40.00', '0.00'),
(397, 199, 170, '2019-07-19', 'Paid to Mr Naeem for officially visit to godown ', '0.00', '-40.00'),
(398, 200, 182, '2019-07-19', 'Paid refreshment charges for different BD,s at NSp', '175.00', '0.00'),
(399, 200, 170, '2019-07-19', 'Paid refreshment charges for different BD,s at NSp', '0.00', '-175.00'),
(400, 201, 188, '2019-07-19', 'Paid for social security and LG press wapda man ', '3000.00', '0.00'),
(401, 201, 170, '2019-07-19', 'Paid for social security and LG press wapda man ', '0.00', '-3000.00'),
(402, 202, 193, '2019-07-19', 'Purchased fuzor for UPS at Godown ', '20.00', '0.00'),
(403, 202, 170, '2019-07-19', 'Purchased fuzor for UPS at Godown ', '0.00', '-20.00'),
(404, 203, 160, '2019-07-19', 'Paid fuel exp to Mr Ahmad fraz against Inv#1284,1239 etc ', '400.00', '0.00'),
(405, 203, 170, '2019-07-19', 'Paid fuel exp to Mr Ahmad fraz against Inv#1284,1239 etc ', '0.00', '-400.00'),
(406, 204, 177, '2019-07-19', 'Paid for C/E,s personal vehicle token fee & duplicate books & photocopy charges \r\n', '18920.00', '0.00'),
(407, 204, 170, '2019-07-19', 'Paid for C/E,s personal vehicle token fee & duplicate books & photocopy charges \r\n', '0.00', '-18920.00'),
(408, 205, 170, '2019-07-20', 'Cash rcvd from NSP', '8110.00', '0.00'),
(409, 205, 122, '2019-07-20', 'Cash rcvd from NSP', '0.00', '-8110.00'),
(410, 206, 170, '2019-07-20', 'Cash rcvd from NSP', '2560.00', '0.00'),
(411, 206, 122, '2019-07-20', 'Cash rcvd from NSP', '0.00', '-2560.00'),
(412, 207, 170, '2019-07-20', 'Cash rcvd against copy & register sales ', '1150.00', '0.00'),
(413, 207, 123, '2019-07-20', 'Cash rcvd against copy & register sales ', '0.00', '-1150.00'),
(414, 208, 110, '2019-07-20', 'Paid to Mr Zeeshan for officialy visit', '50.00', '0.00'),
(415, 208, 170, '2019-07-20', 'Paid to Mr Zeeshan for officialy visit', '0.00', '-50.00'),
(416, 209, 274, '2019-07-20', 'Advance cash paid to Mr Shoaib', '8000.00', '0.00'),
(417, 209, 170, '2019-07-20', 'Advance cash paid to Mr Shoaib', '0.00', '-8000.00'),
(418, 210, 183, '2019-07-20', 'Paid to Mr Najeebullah ', '50.00', '0.00'),
(419, 210, 170, '2019-07-20', 'Paid to Mr Najeebullah ', '0.00', '-50.00'),
(420, 211, 271, '2019-07-20', 'Paid labor to Mr Amir Ali for chairs repair ', '500.00', '0.00'),
(421, 211, 170, '2019-07-20', 'Paid labor to Mr Amir Ali for chairs repair ', '0.00', '-500.00'),
(422, 212, 269, '2019-07-20', 'Paid for chairs cushion ', '500.00', '0.00'),
(423, 212, 170, '2019-07-20', 'Paid for chairs cushion ', '0.00', '-500.00'),
(424, 213, 269, '2019-07-20', 'purchased chair repairinf items ', '3865.00', '0.00'),
(425, 213, 170, '2019-07-20', 'purchased chair repairinf items ', '0.00', '-3865.00'),
(426, 214, 177, '2019-07-20', 'Paid for easy paisa to C/E clients \r\n', '11680.00', '0.00'),
(427, 214, 170, '2019-07-20', 'Paid for easy paisa to C/E clients \r\n', '0.00', '-11680.00'),
(428, 215, 210, '2019-07-20', 'Paid for 34 PTCL land line bills M/o June - 19', '33220.00', '0.00'),
(429, 215, 170, '2019-07-20', 'Paid for 34 PTCL land line bills M/o June - 19', '0.00', '-33220.00'),
(430, 216, 177, '2019-07-20', 'Paid for personal use ', '200000.00', '0.00'),
(431, 216, 170, '2019-07-20', 'Paid for personal use ', '0.00', '-200000.00'),
(432, 217, 275, '2019-07-20', 'Bill#09/10 posted as credit side now again posted ', '131382.00', '0.00'),
(433, 217, 276, '2019-07-20', 'Bill#09/10 posted as credit side now again posted ', '0.00', '-131382.00'),
(434, 218, 275, '2019-07-20', 'Reversed Bill#9/10 wrongly credited now reversed', '131382.00', '0.00'),
(435, 218, 276, '2019-07-20', 'Reversed Bill#9/10 wrongly credited now reversed', '0.00', '-131382.00'),
(436, 219, 277, '2019-07-20', 'Chq # 707446 dt 04.07.19 deposited', '364115.00', '0.00'),
(437, 219, 199, '2019-07-20', 'Chq # 707446 dt 04.07.19 deposited', '0.00', '-364115.00'),
(438, 220, 148, '2019-07-20', 'Online dt 18.07.19 Amir Shafiq Supp Acc-19 Niazi BD Esa khail ', '30000.00', '0.00'),
(439, 220, 120, '2019-07-20', 'Online dt 18.07.19 Amir Shafiq Supp Acc-19 Niazi BD Esa khail ', '0.00', '-30000.00'),
(440, 221, 148, '2019-07-20', 'Online unclaimed dt 09.07.19 ', '37300.00', '0.00'),
(441, 221, 278, '2019-07-20', 'Online unclaimed dt 09.07.19 ', '0.00', '-37300.00'),
(442, 222, 148, '2019-07-20', 'Online unclaimed dt 10.07.19 ', '20000.00', '0.00'),
(443, 222, 278, '2019-07-20', 'Online unclaimed dt 10.07.19 ', '0.00', '-20000.00'),
(444, 223, 173, '2019-07-20', 'Cheques FED & Cash Dep ser charges dt 09.07.19', '464.00', '0.00'),
(445, 223, 148, '2019-07-20', 'Cheques FED & Cash Dep ser charges dt 09.07.19', '0.00', '-464.00'),
(446, 224, 173, '2019-07-20', 'Cheques FED & Cash Dep ser charges dt 10.07.19', '464.00', '0.00'),
(447, 224, 148, '2019-07-20', 'Cheques FED & Cash Dep ser charges dt 10.07.19', '0.00', '-464.00'),
(448, 225, 173, '2019-07-20', 'Cheques FED & Cash Dep ser charges dt 18.07.19', '464.00', '0.00'),
(449, 225, 148, '2019-07-20', 'Cheques FED & Cash Dep ser charges dt 18.07.19', '0.00', '-464.00'),
(450, 226, 279, '2019-07-20', 'Chq # 10616028 dt 20.07.19 issued ', '150000.00', '0.00'),
(451, 226, 277, '2019-07-20', 'Chq # 10616028 dt 20.07.19 issued ', '0.00', '-150000.00'),
(452, 227, 280, '2019-07-20', 'Chq # 86725210 dt 20.07.19 issued ', '800000.00', '0.00'),
(453, 227, 148, '2019-07-20', 'Chq # 86725210 dt 20.07.19 issued ', '0.00', '-800000.00'),
(454, 228, 280, '2019-07-20', 'Chq # 86725211 dt 20.07.19 issued ', '900000.00', '0.00'),
(455, 228, 148, '2019-07-20', 'Chq # 86725211 dt 20.07.19 issued ', '0.00', '-900000.00'),
(456, 229, 170, '2019-07-22', 'Cash rcvd from NSP ', '15300.00', '0.00'),
(457, 229, 122, '2019-07-22', 'Cash rcvd from NSP ', '0.00', '-15300.00'),
(458, 230, 170, '2019-07-22', 'Cash rcvd from NSP ', '10000.00', '0.00'),
(459, 230, 122, '2019-07-22', 'Cash rcvd from NSP ', '0.00', '-10000.00'),
(460, 231, 271, '2019-07-22', 'Paid labor for H/o chairs repaired', '1650.00', '0.00'),
(461, 231, 170, '2019-07-22', 'Paid labor for H/o chairs repaired', '0.00', '-1650.00'),
(462, 232, 269, '2019-07-22', 'purchased H/o chairs repaired items \r\n\r\n', '890.00', '0.00'),
(463, 232, 170, '2019-07-22', 'purchased H/o chairs repaired items \r\n\r\n', '0.00', '-890.00'),
(464, 233, 182, '2019-07-22', 'Paid refreshment for wapda and binders ', '150.00', '0.00'),
(465, 233, 170, '2019-07-22', 'Paid refreshment for wapda and binders ', '0.00', '-150.00'),
(466, 234, 160, '2019-07-22', 'Paid fuel exp ', '780.00', '0.00'),
(467, 234, 170, '2019-07-22', 'Paid fuel exp ', '0.00', '-780.00'),
(468, 235, 175, '2019-07-22', 'Paid carriage for returned parcels GP#8633,8634', '1960.00', '0.00'),
(469, 235, 170, '2019-07-22', 'Paid carriage for returned parcels GP#8633,8634', '0.00', '-1960.00'),
(470, 236, 141, '2019-07-22', 'Paid to watch man Mr Tariq ', '200.00', '0.00'),
(471, 236, 170, '2019-07-22', 'Paid to watch man Mr Tariq ', '0.00', '-200.00'),
(472, 237, 201, '2019-07-22', 'Paid photocopy charges ', '2730.00', '0.00'),
(473, 237, 170, '2019-07-22', 'Paid photocopy charges ', '0.00', '-2730.00'),
(474, 238, 249, '2019-07-22', 'Adv/salary July-19', '2000.00', '0.00'),
(475, 238, 170, '2019-07-22', 'Adv/salary July-19', '0.00', '-2000.00'),
(476, 239, 208, '2019-07-22', 'Paid SNGPL bills M/o June-19', '420.00', '0.00'),
(477, 239, 170, '2019-07-22', 'Paid SNGPL bills M/o June-19', '0.00', '-420.00'),
(478, 240, 207, '2019-07-22', 'Paid electricity expenses M/o july-19', '125.00', '0.00'),
(479, 240, 170, '2019-07-22', 'Paid electricity expenses M/o july-19', '0.00', '-125.00'),
(480, 241, 143, '2019-07-22', 'Paid electricity bill M.o July-19', '125.00', '0.00'),
(481, 241, 170, '2019-07-22', 'Paid electricity bill M.o July-19', '0.00', '-125.00'),
(482, 242, 143, '2019-07-22', 'Paid electricity bill M.o July-19', '125.00', '0.00'),
(483, 242, 170, '2019-07-22', 'Paid electricity bill M.o July-19', '0.00', '-125.00');

-- --------------------------------------------------------

--
-- Table structure for table `users`
--

DROP TABLE IF EXISTS `users`;
CREATE TABLE IF NOT EXISTS `users` (
  `user_id` bigint(20) NOT NULL AUTO_INCREMENT,
  `first_name` varchar(100) NOT NULL,
  `last_name` varchar(100) NOT NULL,
  `date_of_birth` date NOT NULL,
  `address1` varchar(200) NOT NULL,
  `address2` varchar(200) NOT NULL,
  `city` varchar(100) NOT NULL,
  `state` varchar(100) NOT NULL,
  `country` varchar(100) NOT NULL,
  `zip_code` varchar(100) NOT NULL,
  `mobile` varchar(200) NOT NULL,
  `phone` varchar(200) NOT NULL,
  `email` varchar(200) NOT NULL,
  `password` varchar(200) NOT NULL,
  `profile_image` varchar(500) NOT NULL,
  `description` varchar(600) NOT NULL,
  `status` varchar(100) NOT NULL,
  `activation_key` varchar(100) NOT NULL,
  `date_register` date NOT NULL,
  `user_type` varchar(100) NOT NULL,
  PRIMARY KEY (`user_id`)
) ENGINE=MyISAM AUTO_INCREMENT=4 DEFAULT CHARSET=latin1;

--
-- Dumping data for table `users`
--

INSERT INTO `users` (`user_id`, `first_name`, `last_name`, `date_of_birth`, `address1`, `address2`, `city`, `state`, `country`, `zip_code`, `mobile`, `phone`, `email`, `password`, `profile_image`, `description`, `status`, `activation_key`, `date_register`, `user_type`) VALUES
(1, 'noman', 'gul', '2018-09-03', 'fsrrf', 'vdfv', 'rfrf', 'vdfv', 'rdver', 'vdff', '23234234', '3343', 'nomangul934@gmail.com', '827ccb0eea8a706c4c34a16891f84e7b', '', 'ferfer', 'activate', '', '2018-09-26', 'admin'),
(2, 'noman', 'gul', '1994-11-29', 'dnwekn', 'enwinf', 'inw', 'nwion', 'inw', '12', '232332', '233', 'nomangul934@live.com', '827ccb0eea8a706c4c34a16891f84e7b', 'upload/180834a25fc8a414Bread_in_the_Hellenic_Republic.jpg', 'sdncsjdkc', 'activate', '', '2018-09-30', 'admin'),
(3, 'faraz', 'waheed', '1994-03-03', 'urdu', 'urdu', 'lahore', 'punjab', 'pakistan', '54000', '03218857882', '0218354', 'farazwaheed123@gmail.com', '00a85d88d1f4896c330e3b3833c1ed57', 'upload/bfc4ed6e97497ff3180834a25fc8a414Bread_in_the_Hellenic_Republic.jpg', 'sdbijfebhc', 'activate', '', '2019-06-14', 'admin');

-- --------------------------------------------------------

--
-- Table structure for table `user_level`
--

DROP TABLE IF EXISTS `user_level`;
CREATE TABLE IF NOT EXISTS `user_level` (
  `level_id` bigint(20) NOT NULL AUTO_INCREMENT,
  `level_name` varchar(200) NOT NULL,
  `level_description` varchar(600) NOT NULL,
  `level_page` varchar(100) NOT NULL,
  PRIMARY KEY (`level_id`)
) ENGINE=MyISAM DEFAULT CHARSET=latin1;
COMMIT;

/*!40101 SET CHARACTER_SET_CLIENT=@OLD_CHARACTER_SET_CLIENT */;
/*!40101 SET CHARACTER_SET_RESULTS=@OLD_CHARACTER_SET_RESULTS */;
/*!40101 SET COLLATION_CONNECTION=@OLD_COLLATION_CONNECTION */;
